Workbook
Name campo: Reporte!$C$3
Name company: Reporte!$C$4
Name Departamento: Reporte!$C$6
Name Logdate: Reporte!$C$12
Name NomId: Reporte!$C$11
Name NomOd: Reporte!$C$10
Name Pais: Reporte!$C$7
Name Path: Reporte!$C$28
Name Pozo: Reporte!$C$2
Name Top: OFFSET(Tabla!#REF!,0,0,countara(Tabla!$L:$L),1)

Sheet Tabla
A1: Well | B1: Field | C1: Country | D1: State Province | E1: Company | F1: Service Company | G1: Log Date | H1: Nom OD | I1: Nom ID | J1: Nom Thicknes | K1: Join | L1: Top Body | M1: Bottom Body | N1: Body Length | O1: Min. Diam. Ins. | P1: Min. Diam. Depth | Q1: Max. Wall Ins. | R1: Max. Loss % | S1: Max. Loss Depth | T1: Mean Wall Ins. | U1: Max. Pen. Ins | V1: Max. Pen. Depth | W1: Min. Wall Ins. | X1: Max. Pen. % | Y1: Class Pen. | Z1: Wear% | AA1: Raw Ovality% | AB1: Ovality% | AC1: Rem. F Wear | AD1: Rem. F. Ovality | AE1: Factor Ovality Total | AF1: Presion de Estallido API | AG1: Presion de Colapso API | AH1: Max | AI1: Presión de Estallido PSI | AJ1: Presión de Colapso PSI | AK1: Max. Ovality % | AL1: Max. Ovality Depth | AM1: Class Oval. | AO1: Min Wall MFC | AP1: Class Text | AQ1: XC1 | AR1: XC2 | AS1: 3D | AT1: LOG
A2: =Pozo -> Well-1 | B2: =campo -> Exploratorio | C2: =Pais -> Colombia | D2: =Departamento -> State | E2: =company -> Ecopetrol | F2: Expro | G2: =Logdate -> 24/5/2022 | H2: 7 | I2: 6.366 | J2: =(H2-I2)/2 -> 0.317 | K2: 1 | L2: 20.969 | M2: 37.693 | N2: 16.725 | O2: 6.3575001 | P2: 31.299999 | Q2: 0.33299995 | R2: 5.8070426 | S2: 23.9 | T2: 0.29977608 | U2: 6.4619999 | V2: 22.299999 | W2: 0.26900005 | X2: 15.141915 | Y2: =IF((1-AO2)<20%,"I",IF((1-AO2)<40%,"II",IF((1-AO2)<60%,"III",IF((1-AO2)<80%,"IV","V")))) -> I | Z2: =+((J2-W2)/J2)*100 -> 15.141939 | AA2: =+((U2/O2)-1)*100 -> 1.6437249 | AB2: =+(((U2-(T2-W2))/O2)-1)*100 -> 1.1596348 | AC2: =+(100-Z2)/100 -> 0.84858061 | AD2: =IF(AB2>=0.5,(1-(0.05*(AB2-0.5))),1) -> 0.96701826 | AE2: =ROUND(AC2*AD2,2) -> 0.82 | AF2: 6340 | AG2: 3830 | AH2: =AK2/100 -> 0.012806366 | AI2: =+AC2*AF2 -> 5380.0011 | AJ2: =+AE2*AG2 -> 3140.6 | AK2: 1.2806366 | AL2: 22.4 | AM2: =IF((AH2)<2%,"I",IF((AH2)<5%,"II","III")) -> I | AO2: =((100*W2)/J2)% -> 0.84858061 | AP2: =IF(Y2="I","Daño del 0-15%",IF(Y2="II","Daño del 15-25%",IF(Y2="III","Daño del 25-50%","Daño del 50-100%"))) -> Daño del 0-15% | AQ2: =Path&"images\sec_max_pen_T"&$K2&".png" -> D:\1. Pozos\11. Noviembre\4. DT-96\images\sec_max_pen_T1.png | AR2: =Path&"images\sec_max_res_T"&$K2&".png" -> D:\1. Pozos\11. Noviembre\4. DT-96\images\sec_max_res_T1.png | AS2: =Path&"images\"&$K2&".emf" -> D:\1. Pozos\11. Noviembre\4. DT-96\images\1.emf | AT2: =Path&"images\GraficaIntegradaT"&$K2&".png" -> D:\1. Pozos\11. Noviembre\4. DT-96\images\GraficaIntegradaT1.png
A3: =Pozo -> Well-1 | B3: =campo -> Exploratorio | C3: =Pais -> Colombia | D3: =Departamento -> State | E3: =company -> Ecopetrol | F3: Expro | G3: =Logdate -> 24/5/2022 | H3: 7 | I3: 6.366 | J3: =(H3-I3)/2 -> 0.317 | K3: 2 | L3: 40.079 | M3: 77.681 | N3: 37.603 | O3: 6.3515005 | P3: 47.700001 | Q3: 0.33450007 | R3: 12.746561 | S3: 77.699997 | T3: 0.30135012 | U3: 6.4660001 | V3: 77.699997 | W3: 0.26699996 | X3: 15.77286 | Y3: =IF((1-AO3)<20%,"I",IF((1-AO3)<40%,"II",IF((1-AO3)<60%,"III",IF((1-AO3)<80%,"IV","V")))) -> I | Z3: =+((J3-W3)/J3)*100 -> 15.772883 | AA3: =+((U3/O3)-1)*100 -> 1.8027169 | AB3: =+(((U3-(T3-W3))/O3)-1)*100 -> 1.2618973 | AC3: =+(100-Z3)/100 -> 0.84227117 | AD3: =IF(AB3>=0.5,(1-(0.05*(AB3-0.5))),1) -> 0.96190514 | AE3: =ROUND(AC3*AD3,2) -> 0.81 | AF3: 6340 | AG3: 3830 | AH3: =AK3/100 -> 0.011702285 | AI3: =+AC3*AF3 -> 5339.9992 | AJ3: =+AE3*AG3 -> 3102.3 | AK3: 1.1702285 | AL3: 59.599998 | AM3: =IF((AH3)<2%,"I",IF((AH3)<5%,"II","III")) -> I | AO3: =((100*W3)/J3)% -> 0.84227117 | AP3: =IF(Y3="I","Daño del 0-15%",IF(Y3="II","Daño del 15-25%",IF(Y3="III","Daño del 25-50%","Daño del 50-100%"))) -> Daño del 0-15% | AQ3: =Path&"images\sec_max_pen_T"&$K3&".png" -> D:\1. Pozos\11. Noviembre\4. DT-96\images\sec_max_pen_T2.png | AR3: =Path&"images\sec_max_res_T"&$K3&".png" -> D:\1. Pozos\11. Noviembre\4. DT-96\images\sec_max_res_T2.png | AS3: =Path&"images\"&$K3&".emf" -> D:\1. Pozos\11. Noviembre\4. DT-96\images\2.emf | AT3: =Path&"images\GraficaIntegradaT"&$K3&".png" -> D:\1. Pozos\11. Noviembre\4. DT-96\images\GraficaIntegradaT2.png
A4: =Pozo -> Well-1 | B4: =campo -> Exploratorio | C4: =Pais -> Colombia | D4: =Departamento -> State | E4: =company -> Ecopetrol | F4: Expro | G4: =Logdate -> 24/5/2022 | H4: 7 | I4: 6.366 | J4: =(H4-I4)/2 -> 0.317 | K4: 3 | L4: 79.181 | M4: 116.682 | N4: 37.5 | O4: 6.3425002 | P4: 79.199997 | Q4: 0.33850002 | R4: 9.0740309 | S4: 116.7 | T4: 0.30181646 | U4: 6.46 | V4: 102.3 | W4: 0.26999998 | X4: 14.826481 | Y4: =IF((1-AO4)<20%,"I",IF((1-AO4)<40%,"II",IF((1-AO4)<60%,"III",IF((1-AO4)<80%,"IV","V")))) -> I | Z4: =+((J4-W4)/J4)*100 -> 14.826504 | AA4: =+((U4/O4)-1)*100 -> 1.852579 | AB4: =+(((U4-(T4-W4))/O4)-1)*100 -> 1.3509396 | AC4: =+(100-Z4)/100 -> 0.85173496 | AD4: =IF(AB4>=0.5,(1-(0.05*(AB4-0.5))),1) -> 0.95745302 | AE4: =ROUND(AC4*AD4,2) -> 0.82 | AF4: 6340 | AG4: 3830 | AH4: =AK4/100 -> 0.013934943 | AI4: =+AC4*AF4 -> 5399.9996 | AJ4: =+AE4*AG4 -> 3140.6 | AK4: 1.3934943 | AL4: 97.599998 | AM4: =IF((AH4)<2%,"I",IF((AH4)<5%,"II","III")) -> I | AO4: =((100*W4)/J4)% -> 0.85173496 | AP4: =IF(Y4="I","Daño del 0-15%",IF(Y4="II","Daño del 15-25%",IF(Y4="III","Daño del 25-50%","Daño del 50-100%"))) -> Daño del 0-15% | AQ4: =Path&"images\sec_max_pen_T"&$K4&".png" -> D:\1. Pozos\11. Noviembre\4. DT-96\images\sec_max_pen_T3.png | AR4: =Path&"images\sec_max_res_T"&$K4&".png" -> D:\1. Pozos\11. Noviembre\4. DT-96\images\sec_max_res_T3.png | AS4: =Path&"images\"&$K4&".emf" -> D:\1. Pozos\11. Noviembre\4. DT-96\images\3.emf | AT4: =Path&"images\GraficaIntegradaT"&$K4&".png" -> D:\1. Pozos\11. Noviembre\4. DT-96\images\GraficaIntegradaT3.png
A5: =Pozo -> Well-1 | B5: =campo -> Exploratorio | C5: =Pais -> Colombia | D5: =Departamento -> State | E5: =company -> Ecopetrol | F5: Expro | G5: =Logdate -> 24/5/2022 | H5: 7 | I5: 6.366 | J5: =(H5-I5)/2 -> 0.317 | K5: 4 | L5: 118.182 | M5: 154.523 | N5: 36.342 | O5: 6.3360004 | P5: 126.2 | Q5: 0.34200001 | R5: 6.6908283 | S5: 154.3 | T5: 0.29940033 | U5: 6.4759998 | V5: 144.8 | W5: 0.26200008 | X5: 17.350109 | Y5: =IF((1-AO5)<20%,"I",IF((1-AO5)<40%,"II",IF((1-AO5)<60%,"III",IF((1-AO5)<80%,"IV","V")))) -> I | Z5: =+((J5-W5)/J5)*100 -> 17.350131 | AA5: =+((U5/O5)-1)*100 -> 2.2095862 | AB5: =+(((U5-(T5-W5))/O5)-1)*100 -> 1.6193046 | AC5: =+(100-Z5)/100 -> 0.82649869 | AD5: =IF(AB5>=0.5,(1-(0.05*(AB5-0.5))),1) -> 0.94403477 | AE5: =ROUND(AC5*AD5,2) -> 0.78 | AF5: 6340 | AG5: 3830 | AH5: =AK5/100 -> 0.01751743 | AI5: =+AC5*AF5 -> 5240.0017 | AJ5: =+AE5*AG5 -> 2987.4 | AK5: 1.751743 | AL5: 139.60001 | AM5: =IF((AH5)<2%,"I",IF((AH5)<5%,"II","III")) -> I | AO5: =((100*W5)/J5)% -> 0.82649869 | AP5: =IF(Y5="I","Daño del 0-15%",IF(Y5="II","Daño del 15-25%",IF(Y5="III","Daño del 25-50%","Daño del 50-100%"))) -> Daño del 0-15% | AQ5: =Path&"images\sec_max_pen_T"&$K5&".png" -> D:\1. Pozos\11. Noviembre\4. DT-96\images\sec_max_pen_T4.png | AR5: =Path&"images\sec_max_res_T"&$K5&".png" -> D:\1. Pozos\11. Noviembre\4. DT-96\images\sec_max_res_T4.png | AS5: =Path&"images\"&$K5&".emf" -> D:\1. Pozos\11. Noviembre\4. DT-96\images\4.emf | AT5: =Path&"images\GraficaIntegradaT"&$K5&".png" -> D:\1. Pozos\11. Noviembre\4. DT-96\images\GraficaIntegradaT4.png
A6: =Pozo -> Well-1 | B6: =campo -> Exploratorio | C6: =Pais -> Colombia | D6: =Departamento -> State | E6: =company -> Ecopetrol | F6: Expro | G6: =Logdate -> 24/5/2022 | H6: 7 | I6: 6.366 | J6: =(H6-I6)/2 -> 0.317 | K6: 5 | L6: 156.023 | M6: 194.103 | N6: 38.08 | O6: 6.3555002 | P6: 191.39999 | Q6: 0.33249998 | R6: 6.9302497 | S6: 158.5 | T6: 0.29968381 | U6: 6.4640002 | V6: 170.8 | W6: 0.26799989 | X6: 15.457425 | Y6: =IF((1-AO6)<20%,"I",IF((1-AO6)<40%,"II",IF((1-AO6)<60%,"III",IF((1-AO6)<80%,"IV","V")))) -> I | Z6: =+((J6-W6)/J6)*100 -> 15.457449 | AA6: =+((U6/O6)-1)*100 -> 1.7071829 | AB6: =+(((U6-(T6-W6))/O6)-1)*100 -> 1.2086553 | AC6: =+(100-Z6)/100 -> 0.84542551 | AD6: =IF(AB6>=0.5,(1-(0.05*(AB6-0.5))),1) -> 0.96456724 | AE6: =ROUND(AC6*AD6,2) -> 0.82 | AF6: 6340 | AG6: 3830 | AH6: =AK6/100 -> 0.012017173 | AI6: =+AC6*AF6 -> 5359.9977 | AJ6: =+AE6*AG6 -> 3140.6 | AK6: 1.2017173 | AL6: 172.2 | AM6: =IF((AH6)<2%,"I",IF((AH6)<5%,"II","III")) -> I | AO6: =((100*W6)/J6)% -> 0.84542551 | AP6: =IF(Y6="I","Daño del 0-15%",IF(Y6="II","Daño del 15-25%",IF(Y6="III","Daño del 25-50%","Daño del 50-100%"))) -> Daño del 0-15% | AQ6: =Path&"images\sec_max_pen_T"&$K6&".png" -> D:\1. Pozos\11. Noviembre\4. DT-96\images\sec_max_pen_T5.png | AR6: =Path&"images\sec_max_res_T"&$K6&".png" -> D:\1. Pozos\11. Noviembre\4. DT-96\images\sec_max_res_T5.png | AS6: =Path&"images\"&$K6&".emf" -> D:\1. Pozos\11. Noviembre\4. DT-96\images\5.emf | AT6: =Path&"images\GraficaIntegradaT"&$K6&".png" -> D:\1. Pozos\11. Noviembre\4. DT-96\images\GraficaIntegradaT5.png
A7: =Pozo -> Well-1 | B7: =campo -> Exploratorio | C7: =Pais -> Colombia | D7: =Departamento -> State | E7: =company -> Ecopetrol | F7: Expro | G7: =Logdate -> 24/5/2022 | H7: 7 | I7: 6.366 | J7: =(H7-I7)/2 -> 0.317 | K7: 6 | L7: 195.603 | M7: 231.173 | N7: 35.57 | O7: 6.3330002 | P7: 203.60001 | Q7: 0.3434999 | R7: 6.9557118 | S7: 215.60001 | T7: 0.29740286 | U7: 6.4840002 | V7: 203.5 | W7: 0.2579999 | X7: 18.611998 | Y7: =IF((1-AO7)<20%,"I",IF((1-AO7)<40%,"II",IF((1-AO7)<60%,"III",IF((1-AO7)<80%,"IV","V")))) -> I | Z7: =+((J7-W7)/J7)*100 -> 18.61202 | AA7: =+((U7/O7)-1)*100 -> 2.3843364 | AB7: =+(((U7-(T7-W7))/O7)-1)*100 -> 1.7621517 | AC7: =+(100-Z7)/100 -> 0.8138798 | AD7: =IF(AB7>=0.5,(1-(0.05*(AB7-0.5))),1) -> 0.93689242 | AE7: =ROUND(AC7*AD7,2) -> 0.76 | AF7: 6340 | AG7: 3830 | AH7: =AK7/100 -> 0.018342278 | AI7: =+AC7*AF7 -> 5159.9979 | AJ7: =+AE7*AG7 -> 2910.8 | AK7: 1.8342278 | AL7: 203.5 | AM7: =IF((AH7)<2%,"I",IF((AH7)<5%,"II","III")) -> I | AO7: =((100*W7)/J7)% -> 0.8138798 | AP7: =IF(Y7="I","Daño del 0-15%",IF(Y7="II","Daño del 15-25%",IF(Y7="III","Daño del 25-50%","Daño del 50-100%"))) -> Daño del 0-15% | AQ7: =Path&"images\sec_max_pen_T"&$K7&".png" -> D:\1. Pozos\11. Noviembre\4. DT-96\images\sec_max_pen_T6.png | AR7: =Path&"images\sec_max_res_T"&$K7&".png" -> D:\1. Pozos\11. Noviembre\4. DT-96\images\sec_max_res_T6.png | AS7: =Path&"images\"&$K7&".emf" -> D:\1. Pozos\11. Noviembre\4. DT-96\images\6.emf | AT7: =Path&"images\GraficaIntegradaT"&$K7&".png" -> D:\1. Pozos\11. Noviembre\4. DT-96\images\GraficaIntegradaT6.png
A8: =Pozo -> Well-1 | B8: =campo -> Exploratorio | C8: =Pais -> Colombia | D8: =Departamento -> State | E8: =company -> Ecopetrol | F8: Expro | G8: =Logdate -> 24/5/2022 | H8: 7 | I8: 6.366 | J8: =(H8-I8)/2 -> 0.317 | K8: 7 | L8: 232.673 | M8: 272.104 | N8: 39.431 | O8: 6.3380003 | P8: 256.39999 | Q8: 0.33899999 | R8: 8.0421581 | S8: 232.7 | T8: 0.2991159 | U8: 6.474 | V8: 249.60001 | W8: 0.26300001 | X8: 17.034674 | Y8: =IF((1-AO8)<20%,"I",IF((1-AO8)<40%,"II",IF((1-AO8)<60%,"III",IF((1-AO8)<80%,"IV","V")))) -> I | Z8: =+((J8-W8)/J8)*100 -> 17.034697 | AA8: =+((U8/O8)-1)*100 -> 2.1457822 | AB8: =+(((U8-(T8-W8))/O8)-1)*100 -> 1.5759513 | AC8: =+(100-Z8)/100 -> 0.82965303 | AD8: =IF(AB8>=0.5,(1-(0.05*(AB8-0.5))),1) -> 0.94620244 | AE8: =ROUND(AC8*AD8,2) -> 0.79 | AF8: 6340 | AG8: 3830 | AH8: =AK8/100 -> 0.01721499 | AI8: =+AC8*AF8 -> 5260.0002 | AJ8: =+AE8*AG8 -> 3025.7 | AK8: 1.721499 | AL8: 249.8 | AM8: =IF((AH8)<2%,"I",IF((AH8)<5%,"II","III")) -> I | AO8: =((100*W8)/J8)% -> 0.82965303 | AP8: =IF(Y8="I","Daño del 0-15%",IF(Y8="II","Daño del 15-25%",IF(Y8="III","Daño del 25-50%","Daño del 50-100%"))) -> Daño del 0-15% | AQ8: =Path&"images\sec_max_pen_T"&$K8&".png" -> D:\1. Pozos\11. Noviembre\4. DT-96\images\sec_max_pen_T7.png | AR8: =Path&"images\sec_max_res_T"&$K8&".png" -> D:\1. Pozos\11. Noviembre\4. DT-96\images\sec_max_res_T7.png | AS8: =Path&"images\"&$K8&".emf" -> D:\1. Pozos\11. Noviembre\4. DT-96\images\7.emf | AT8: =Path&"images\GraficaIntegradaT"&$K8&".png" -> D:\1. Pozos\11. Noviembre\4. DT-96\images\GraficaIntegradaT7.png
A9: =Pozo -> Well-1 | B9: =campo -> Exploratorio | C9: =Pais -> Colombia | D9: =Departamento -> State | E9: =company -> Ecopetrol | F9: Expro | G9: =Logdate -> 24/5/2022 | H9: 7 | I9: 6.366 | J9: =(H9-I9)/2 -> 0.317 | K9: 8 | L9: 273.604 | M9: 313.228 | N9: 39.624 | O9: 6.3445001 | P9: 304 | Q9: 0.33649993 | R9: 7.5551505 | S9: 275.20001 | T9: 0.29765224 | U9: 6.4699998 | V9: 306.70001 | W9: 0.2650001 | X9: 16.403728 | Y9: =IF((1-AO9)<20%,"I",IF((1-AO9)<40%,"II",IF((1-AO9)<60%,"III",IF((1-AO9)<80%,"IV","V")))) -> I | Z9: =+((J9-W9)/J9)*100 -> 16.403752 | AA9: =+((U9/O9)-1)*100 -> 1.978087 | AB9: =+(((U9-(T9-W9))/O9)-1)*100 -> 1.4634343 | AC9: =+(100-Z9)/100 -> 0.83596248 | AD9: =IF(AB9>=0.5,(1-(0.05*(AB9-0.5))),1) -> 0.95182829 | AE9: =ROUND(AC9*AD9,2) -> 0.8 | AF9: 6340 | AG9: 3830 | AH9: =AK9/100 -> 0.015894539 | AI9: =+AC9*AF9 -> 5300.0021 | AJ9: =+AE9*AG9 -> 3064 | AK9: 1.5894539 | AL9: 304 | AM9: =IF((AH9)<2%,"I",IF((AH9)<5%,"II","III")) -> I | AO9: =((100*W9)/J9)% -> 0.83596248 | AP9: =IF(Y9="I","Daño del 0-15%",IF(Y9="II","Daño del 15-25%",IF(Y9="III","Daño del 25-50%","Daño del 50-100%"))) -> Daño del 0-15% | AQ9: =Path&"images\sec_max_pen_T"&$K9&".png" -> D:\1. Pozos\11. Noviembre\4. DT-96\images\sec_max_pen_T8.png | AR9: =Path&"images\sec_max_res_T"&$K9&".png" -> D:\1. Pozos\11. Noviembre\4. DT-96\images\sec_max_res_T8.png | AS9: =Path&"images\"&$K9&".emf" -> D:\1. Pozos\11. Noviembre\4. DT-96\images\8.emf | AT9: =Path&"images\GraficaIntegradaT"&$K9&".png" -> D:\1. Pozos\11. Noviembre\4. DT-96\images\GraficaIntegradaT8.png
A10: =Pozo -> Well-1 | B10: =campo -> Exploratorio | C10: =Pais -> Colombia | D10: =Departamento -> State | E10: =company -> Ecopetrol | F10: Expro | G10: =Logdate -> 24/5/2022 | H10: 7 | I10: 6.366 | J10: =(H10-I10)/2 -> 0.317 | K10: 9 | L10: 314.728 | M10: 353.773 | N10: 39.045 | O10: 6.3400001 | P10: 315 | Q10: 0.33450007 | R10: 8.8511543 | S10: 353.79999 | T10: 0.30120063 | U10: 6.4590001 | V10: 317.20001 | W10: 0.27049995 | X10: 14.668763 | Y10: =IF((1-AO10)<20%,"I",IF((1-AO10)<40%,"II",IF((1-AO10)<60%,"III",IF((1-AO10)<80%,"IV","V")))) -> I | Z10: =+((J10-W10)/J10)*100 -> 14.668787 | AA10: =+((U10/O10)-1)*100 -> 1.8769709 | AB10: =+(((U10-(T10-W10))/O10)-1)*100 -> 1.392733 | AC10: =+(100-Z10)/100 -> 0.85331213 | AD10: =IF(AB10>=0.5,(1-(0.05*(AB10-0.5))),1) -> 0.95536335 | AE10: =ROUND(AC10*AD10,2) -> 0.82 | AF10: 6340 | AG10: 3830 | AH10: =AK10/100 -> 0.013646386 | AI10: =+AC10*AF10 -> 5409.9989 | AJ10: =+AE10*AG10 -> 3140.6 | AK10: 1.3646386 | AL10: 314.89999 | AM10: =IF((AH10)<2%,"I",IF((AH10)<5%,"II","III")) -> I | AO10: =((100*W10)/J10)% -> 0.85331213 | AP10: =IF(Y10="I","Daño del 0-15%",IF(Y10="II","Daño del 15-25%",IF(Y10="III","Daño del 25-50%","Daño del 50-100%"))) -> Daño del 0-15% | AQ10: =Path&"images\sec_max_pen_T"&$K10&".png" -> D:\1. Pozos\11. Noviembre\4. DT-96\images\sec_max_pen_T9.png | AR10: =Path&"images\sec_max_res_T"&$K10&".png" -> D:\1. Pozos\11. Noviembre\4. DT-96\images\sec_max_res_T9.png | AS10: =Path&"images\"&$K10&".emf" -> D:\1. Pozos\11. Noviembre\4. DT-96\images\9.emf | AT10: =Path&"images\GraficaIntegradaT"&$K10&".png" -> D:\1. Pozos\11. Noviembre\4. DT-96\images\GraficaIntegradaT9.png
A11: =Pozo -> Well-1 | B11: =campo -> Exploratorio | C11: =Pais -> Colombia | D11: =Departamento -> State | E11: =company -> Ecopetrol | F11: Expro | G11: =Logdate -> 24/5/2022 | H11: 7 | I11: 6.366 | J11: =(H11-I11)/2 -> 0.317 | K11: 10 | L11: 355.273 | M11: 388.139 | N11: 32.867 | O11: 6.3345003 | P11: 378.10001 | Q11: 0.33800006 | R11: 4.6959901 | S11: 362.60001 | T11: 0.30508924 | U11: 6.4450002 | V11: 375.79999 | W11: 0.27749991 | X11: 12.46057 | Y11: =IF((1-AO11)<20%,"I",IF((1-AO11)<40%,"II",IF((1-AO11)<60%,"III",IF((1-AO11)<80%,"IV","V")))) -> I | Z11: =+((J11-W11)/J11)*100 -> 12.460595 | AA11: =+((U11/O11)-1)*100 -> 1.7444132 | AB11: =+(((U11-(T11-W11))/O11)-1)*100 -> 1.3088726 | AC11: =+(100-Z11)/100 -> 0.87539405 | AD11: =IF(AB11>=0.5,(1-(0.05*(AB11-0.5))),1) -> 0.95955637 | AE11: =ROUND(AC11*AD11,2) -> 0.84 | AF11: 6340 | AG11: 3830 | AH11: =AK11/100 -> 0.012404698 | AI11: =+AC11*AF11 -> 5549.9983 | AJ11: =+AE11*AG11 -> 3217.2 | AK11: 1.2404698 | AL11: 359.70001 | AM11: =IF((AH11)<2%,"I",IF((AH11)<5%,"II","III")) -> I | AO11: =((100*W11)/J11)% -> 0.87539405 | AP11: =IF(Y11="I","Daño del 0-15%",IF(Y11="II","Daño del 15-25%",IF(Y11="III","Daño del 25-50%","Daño del 50-100%"))) -> Daño del 0-15% | AQ11: =Path&"images\sec_max_pen_T"&$K11&".png" -> D:\1. Pozos\11. Noviembre\4. DT-96\images\sec_max_pen_T10.png | AR11: =Path&"images\sec_max_res_T"&$K11&".png" -> D:\1. Pozos\11. Noviembre\4. DT-96\images\sec_max_res_T10.png | AS11: =Path&"images\"&$K11&".emf" -> D:\1. Pozos\11. Noviembre\4. DT-96\images\10.emf | AT11: =Path&"images\GraficaIntegradaT"&$K11&".png" -> D:\1. Pozos\11. Noviembre\4. DT-96\images\GraficaIntegradaT10.png
A12: =Pozo -> Well-1 | B12: =campo -> Exploratorio | C12: =Pais -> Colombia | D12: =Departamento -> State | E12: =company -> Ecopetrol | F12: Expro | G12: =Logdate -> 24/5/2022 | H12: 7 | I12: 6.366 | J12: =(H12-I12)/2 -> 0.317 | K12: 11 | L12: 389.639 | M12: 428.105 | N12: 38.466 | O12: 6.3475003 | P12: 389.60001 | Q12: 0.3355 | R12: 12.518228 | S12: 428.10001 | T12: 0.30185652 | U12: 6.4759998 | V12: 428.10001 | W12: 0.26200008 | X12: 17.350109 | Y12: =IF((1-AO12)<20%,"I",IF((1-AO12)<40%,"II",IF((1-AO12)<60%,"III",IF((1-AO12)<80%,"IV","V")))) -> I | Z12: =+((J12-W12)/J12)*100 -> 17.350131 | AA12: =+((U12/O12)-1)*100 -> 2.0244112 | AB12: =+(((U12-(T12-W12))/O12)-1)*100 -> 1.3965037 | AC12: =+(100-Z12)/100 -> 0.82649869 | AD12: =IF(AB12>=0.5,(1-(0.05*(AB12-0.5))),1) -> 0.95517482 | AE12: =ROUND(AC12*AD12,2) -> 0.79 | AF12: 6340 | AG12: 3830 | AH12: =AK12/100 -> 0.016394076 | AI12: =+AC12*AF12 -> 5240.0017 | AJ12: =+AE12*AG12 -> 3025.7 | AK12: 1.6394076 | AL12: 389.60001 | AM12: =IF((AH12)<2%,"I",IF((AH12)<5%,"II","III")) -> I | AO12: =((100*W12)/J12)% -> 0.82649869 | AP12: =IF(Y12="I","Daño del 0-15%",IF(Y12="II","Daño del 15-25%",IF(Y12="III","Daño del 25-50%","Daño del 50-100%"))) -> Daño del 0-15% | AQ12: =Path&"images\sec_max_pen_T"&$K12&".png" -> D:\1. Pozos\11. Noviembre\4. DT-96\images\sec_max_pen_T11.png | AR12: =Path&"images\sec_max_res_T"&$K12&".png" -> D:\1. Pozos\11. Noviembre\4. DT-96\images\sec_max_res_T11.png | AS12: =Path&"images\"&$K12&".emf" -> D:\1. Pozos\11. Noviembre\4. DT-96\images\11.emf | AT12: =Path&"images\GraficaIntegradaT"&$K12&".png" -> D:\1. Pozos\11. Noviembre\4. DT-96\images\GraficaIntegradaT11.png
A13: =Pozo -> Well-1 | B13: =campo -> Exploratorio | C13: =Pais -> Colombia | D13: =Departamento -> State | E13: =company -> Ecopetrol | F13: Expro | G13: =Logdate -> 24/5/2022 | H13: 7 | I13: 6.366 | J13: =(H13-I13)/2 -> 0.317 | K13: 12 | L13: 429.605 | M13: 468.457 | N13: 38.852 | O13: 6.3535004 | P13: 429.60001 | Q13: 0.33299995 | R13: 12.746413 | S13: 468.5 | T13: 0.29850793 | U13: 6.4759998 | V13: 442.39999 | W13: 0.26200008 | X13: 17.350109 | Y13: =IF((1-AO13)<20%,"I",IF((1-AO13)<40%,"II",IF((1-AO13)<60%,"III",IF((1-AO13)<80%,"IV","V")))) -> I | Z13: =+((J13-W13)/J13)*100 -> 17.350131 | AA13: =+((U13/O13)-1)*100 -> 1.9280625 | AB13: =+(((U13-(T13-W13))/O13)-1)*100 -> 1.3534526 | AC13: =+(100-Z13)/100 -> 0.82649869 | AD13: =IF(AB13>=0.5,(1-(0.05*(AB13-0.5))),1) -> 0.95732737 | AE13: =ROUND(AC13*AD13,2) -> 0.79 | AF13: 6340 | AG13: 3830 | AH13: =AK13/100 -> 0.014711544 | AI13: =+AC13*AF13 -> 5240.0017 | AJ13: =+AE13*AG13 -> 3025.7 | AK13: 1.4711545 | AL13: 429.79999 | AM13: =IF((AH13)<2%,"I",IF((AH13)<5%,"II","III")) -> I | AO13: =((100*W13)/J13)% -> 0.82649869 | AP13: =IF(Y13="I","Daño del 0-15%",IF(Y13="II","Daño del 15-25%",IF(Y13="III","Daño del 25-50%","Daño del 50-100%"))) -> Daño del 0-15% | AQ13: =Path&"images\sec_max_pen_T"&$K13&".png" -> D:\1. Pozos\11. Noviembre\4. DT-96\images\sec_max_pen_T12.png | AR13: =Path&"images\sec_max_res_T"&$K13&".png" -> D:\1. Pozos\11. Noviembre\4. DT-96\images\sec_max_res_T12.png | AS13: =Path&"images\"&$K13&".emf" -> D:\1. Pozos\11. Noviembre\4. DT-96\images\12.emf | AT13: =Path&"images\GraficaIntegradaT"&$K13&".png" -> D:\1. Pozos\11. Noviembre\4. DT-96\images\GraficaIntegradaT12.png
... A46: =Pozo -> Well-1 | B46: =campo -> Exploratorio | C46: =Pais -> Colombia | D46: =Departamento -> State | E46: =company -> Ecopetrol | F46: Expro | G46: =Logdate -> 24/5/2022 | H46: 7 | I46: 6.366 | J46: =(H46-I46)/2 -> 0.317 | K46: 45 | L46: 1741.136 | M46: 1781.726 | N46: 40.589 | O46: 6.2410002 | P46: 1776.6999 | Q46: 0.38199997 | R46: 8.7148495 | S46: 1776.6 | T46: 0.30323696 | U46: 6.5479999 | V46: 1776.6999 | W46: 0.22600007 | X46: 28.706583 | Y46: =IF((1-AO46)<20%,"I",IF((1-AO46)<40%,"II",IF((1-AO46)<60%,"III",IF((1-AO46)<80%,"IV","V")))) -> II | Z46: =+((J46-W46)/J46)*100 -> 28.706602 | AA46: =+((U46/O46)-1)*100 -> 4.9190782 | AB46: =+(((U46-(T46-W46))/O46)-1)*100 -> 3.6815059 | AC46: =+(100-Z46)/100 -> 0.71293398 | AD46: =IF(AB46>=0.5,(1-(0.05*(AB46-0.5))),1) -> 0.8409247 | AE46: =ROUND(AC46*AD46,2) -> 0.6 | AF46: 6340 | AG46: 3830 | AH46: =AK46/100 -> 0.045601993 | AI46: =+AC46*AF46 -> 4520.0014 | AJ46: =+AE46*AG46 -> 2298 | AK46: 4.5601993 | AL46: 1776.6999 | AM46: =IF((AH46)<2%,"I",IF((AH46)<5%,"II","III")) -> II | AO46: =((100*W46)/J46)% -> 0.71293398 | AP46: =IF(Y46="I","Daño del 0-15%",IF(Y46="II","Daño del 15-25%",IF(Y46="III","Daño del 25-50%","Daño del 50-100%"))) -> Daño del 15-25% | AQ46: =Path&"images\sec_max_pen_T"&$K46&".png" -> D:\1. Pozos\11. Noviembre\4. DT-96\images\sec_max_pen_T45.png | AR46: =Path&"images\sec_max_res_T"&$K46&".png" -> D:\1. Pozos\11. Noviembre\4. DT-96\images\sec_max_res_T45.png | AS46: =Path&"images\"&$K46&".emf" -> D:\1. Pozos\11. Noviembre\4. DT-96\images\45.emf | AT46: =Path&"images\GraficaIntegradaT"&$K46&".png" -> D:\1. Pozos\11. Noviembre\4. DT-96\images\GraficaIntegradaT45.png
A47: =Pozo -> Well-1 | C47: =Pais -> Colombia | D47: =Departamento -> State | E47: =company -> Ecopetrol | F47: Expro | G47: =Logdate -> 24/5/2022 | H47: 7 | I47: 6.366 | J47: =(H47-I47)/2 -> 0.317 | K47: 46 | L47: 1783.226 | M47: 1823.236 | N47: 40.01 | O47: 6.2255001 | P47: 1802.1 | Q47: 0.4460001 | R47: 12.146178 | S47: 1823.1999 | T47: 0.30734038 | U47: 6.473 | V47: 1790.1999 | W47: 0.26349997 | X47: 16.876957 | Y47: =IF((1-AO47)<20%,"I",IF((1-AO47)<40%,"II",IF((1-AO47)<60%,"III",IF((1-AO47)<80%,"IV","V")))) -> I | Z47: =+((J47-W47)/J47)*100 -> 16.876979 | AA47: =+((U47/O47)-1)*100 -> 3.9755833 | AB47: =+(((U47-(T47-W47))/O47)-1)*100 -> 3.2713762 | AC47: =+(100-Z47)/100 -> 0.83123021 | AD47: =IF(AB47>=0.5,(1-(0.05*(AB47-0.5))),1) -> 0.86143119 | AE47: =ROUND(AC47*AD47,2) -> 0.72 | AF47: 6340 | AG47: 3830 | AH47: =AK47/100 -> 0.017500088 | AI47: =+AC47*AF47 -> 5269.9995 | AJ47: =+AE47*AG47 -> 2757.6 | AK47: 1.7500088 | AL47: 1789.8001 | AM47: =IF((AH47)<2%,"I",IF((AH47)<5%,"II","III")) -> I | AO47: =((100*W47)/J47)% -> 0.83123021 | AP47: =IF(Y47="I","Daño del 0-15%",IF(Y47="II","Daño del 15-25%",IF(Y47="III","Daño del 25-50%","Daño del 50-100%"))) -> Daño del 0-15% | AQ47: =Path&"images\sec_max_pen_T"&$K47&".png" -> D:\1. Pozos\11. Noviembre\4. DT-96\images\sec_max_pen_T46.png | AR47: =Path&"images\sec_max_res_T"&$K47&".png" -> D:\1. Pozos\11. Noviembre\4. DT-96\images\sec_max_res_T46.png | AS47: =Path&"images\"&$K47&".emf" -> D:\1. Pozos\11. Noviembre\4. DT-96\images\46.emf | AT47: =Path&"images\GraficaIntegradaT"&$K47&".png" -> D:\1. Pozos\11. Noviembre\4. DT-96\images\GraficaIntegradaT46.png
A48: =Pozo -> Well-1 | B48: =campo -> Exploratorio | C48: =Pais -> Colombia | D48: =Departamento -> State | E48: =company -> Ecopetrol | F48: Expro | G48: =Logdate -> 24/5/2022 | H48: 7 | I48: 6.366 | J48: =(H48-I48)/2 -> 0.317 | K48: 47 | L48: 1824.736 | M48: 1863.974 | N48: 39.238 | O48: 6.3275003 | P48: 1840.3001 | Q48: 0.34249997 | R48: 6.1151028 | S48: 1863.5 | T48: 0.30138111 | U48: 6.4860001 | V48: 1863.6999 | W48: 0.25699997 | X48: 18.927431 | Y48: =IF((1-AO48)<20%,"I",IF((1-AO48)<40%,"II",IF((1-AO48)<60%,"III",IF((1-AO48)<80%,"IV","V")))) -> I | Z48: =+((J48-W48)/J48)*100 -> 18.927455 | AA48: =+((U48/O48)-1)*100 -> 2.5049342 | AB48: =+(((U48-(T48-W48))/O48)-1)*100 -> 1.8035333 | AC48: =+(100-Z48)/100 -> 0.81072545 | AD48: =IF(AB48>=0.5,(1-(0.05*(AB48-0.5))),1) -> 0.93482333 | AE48: =ROUND(AC48*AD48,2) -> 0.76 | AF48: 6340 | AG48: 3830 | AH48: =AK48/100 -> 0.020087757 | AI48: =+AC48*AF48 -> 5139.9994 | AJ48: =+AE48*AG48 -> 2910.8 | AK48: 2.0087757 | AL48: 1863.4 | AM48: =IF((AH48)<2%,"I",IF((AH48)<5%,"II","III")) -> II | AO48: =((100*W48)/J48)% -> 0.81072545 | AP48: =IF(Y48="I","Daño del 0-15%",IF(Y48="II","Daño del 15-25%",IF(Y48="III","Daño del 25-50%","Daño del 50-100%"))) -> Daño del 0-15% | AQ48: =Path&"images\sec_max_pen_T"&$K48&".png" -> D:\1. Pozos\11. Noviembre\4. DT-96\images\sec_max_pen_T47.png | AR48: =Path&"images\sec_max_res_T"&$K48&".png" -> D:\1. Pozos\11. Noviembre\4. DT-96\images\sec_max_res_T47.png | AS48: =Path&"images\"&$K48&".emf" -> D:\1. Pozos\11. Noviembre\4. DT-96\images\47.emf | AT48: =Path&"images\GraficaIntegradaT"&$K48&".png" -> D:\1. Pozos\11. Noviembre\4. DT-96\images\GraficaIntegradaT47.png
A49: =Pozo -> Well-1 | B49: =campo -> Exploratorio | C49: =Pais -> Colombia | D49: =Departamento -> State | E49: =company -> Ecopetrol | F49: Expro | G49: =Logdate -> 24/5/2022 | H49: 7 | I49: 6.366 | J49: =(H49-I49)/2 -> 0.317 | K49: 48 | L49: 1865.474 | M49: 1906.45 | N49: 40.976 | O49: 6.2525005 | P49: 1869.5 | Q49: 0.37849998 | R49: 12.822715 | S49: 1906.4 | T49: 0.3016541 | U49: 6.5380001 | V49: 1869.3001 | W49: 0.23099995 | X49: 27.129334 | Y49: =IF((1-AO49)<20%,"I",IF((1-AO49)<40%,"II",IF((1-AO49)<60%,"III",IF((1-AO49)<80%,"IV","V")))) -> II | Z49: =+((J49-W49)/J49)*100 -> 27.129354 | AA49: =+((U49/O49)-1)*100 -> 4.5661664 | AB49: =+(((U49-(T49-W49))/O49)-1)*100 -> 3.4361521 | AC49: =+(100-Z49)/100 -> 0.72870646 | AD49: =IF(AB49>=0.5,(1-(0.05*(AB49-0.5))),1) -> 0.8531924 | AE49: =ROUND(AC49*AD49,2) -> 0.62 | AF49: 6340 | AG49: 3830 | AH49: =AK49/100 -> 0.043377147 | AI49: =+AC49*AF49 -> 4619.9989 | AJ49: =+AE49*AG49 -> 2374.6 | AK49: 4.3377147 | AL49: 1869.3001 | AM49: =IF((AH49)<2%,"I",IF((AH49)<5%,"II","III")) -> II | AO49: =((100*W49)/J49)% -> 0.72870646 | AP49: =IF(Y49="I","Daño del 0-15%",IF(Y49="II","Daño del 15-25%",IF(Y49="III","Daño del 25-50%","Daño del 50-100%"))) -> Daño del 15-25% | AQ49: =Path&"images\sec_max_pen_T"&$K49&".png" -> D:\1. Pozos\11. Noviembre\4. DT-96\images\sec_max_pen_T48.png | AR49: =Path&"images\sec_max_res_T"&$K49&".png" -> D:\1. Pozos\11. Noviembre\4. DT-96\images\sec_max_res_T48.png | AS49: =Path&"images\"&$K49&".emf" -> D:\1. Pozos\11. Noviembre\4. DT-96\images\48.emf | AT49: =Path&"images\GraficaIntegradaT"&$K49&".png" -> D:\1. Pozos\11. Noviembre\4. DT-96\images\GraficaIntegradaT48.png
A50: =Pozo -> Well-1 | B50: =campo -> Exploratorio | C50: =Pais -> Colombia | D50: =Departamento -> State | E50: =company -> Ecopetrol | F50: Expro | G50: =Logdate -> 24/5/2022 | H50: 7 | I50: 6.366 | J50: =(H50-I50)/2 -> 0.317 | K50: 49 | L50: 1907.95 | M50: 1946.994 | N50: 39.045 | O50: 6.3250003 | P50: 1914.1999 | Q50: 0.34549999 | R50: 6.1865583 | S50: 1943.1999 | T50: 0.30040717 | U50: 6.487 | V50: 1908.1 | W50: 0.25650001 | X50: 19.08515 | Y50: =IF((1-AO50)<20%,"I",IF((1-AO50)<40%,"II",IF((1-AO50)<60%,"III",IF((1-AO50)<80%,"IV","V")))) -> I | Z50: =+((J50-W50)/J50)*100 -> 19.085172 | AA50: =+((U50/O50)-1)*100 -> 2.56126 | AB50: =+(((U50-(T50-W50))/O50)-1)*100 -> 1.8670756 | AC50: =+(100-Z50)/100 -> 0.80914828 | AD50: =IF(AB50>=0.5,(1-(0.05*(AB50-0.5))),1) -> 0.93164622 | AE50: =ROUND(AC50*AD50,2) -> 0.75 | AF50: 6340 | AG50: 3830 | AH50: =AK50/100 -> 0.021731055 | AI50: =+AC50*AF50 -> 5130.0001 | AJ50: =+AE50*AG50 -> 2872.5 | AK50: 2.1731055 | AL50: 1913.6 | AM50: =IF((AH50)<2%,"I",IF((AH50)<5%,"II","III")) -> II | AO50: =((100*W50)/J50)% -> 0.80914828 | AP50: =IF(Y50="I","Daño del 0-15%",IF(Y50="II","Daño del 15-25%",IF(Y50="III","Daño del 25-50%","Daño del 50-100%"))) -> Daño del 0-15% | AQ50: =Path&"images\sec_max_pen_T"&$K50&".png" -> D:\1. Pozos\11. Noviembre\4. DT-96\images\sec_max_pen_T49.png | AR50: =Path&"images\sec_max_res_T"&$K50&".png" -> D:\1. Pozos\11. Noviembre\4. DT-96\images\sec_max_res_T49.png | AS50: =Path&"images\"&$K50&".emf" -> D:\1. Pozos\11. Noviembre\4. DT-96\images\49.emf | AT50: =Path&"images\GraficaIntegradaT"&$K50&".png" -> D:\1. Pozos\11. Noviembre\4. DT-96\images\GraficaIntegradaT49.png
A51: =Pozo -> Well-1 | B51: =campo -> Exploratorio | C51: =Pais -> Colombia | D51: =Departamento -> State | E51: =company -> Ecopetrol | F51: Expro | G51: =Logdate -> 24/5/2022 | H51: 7 | I51: 6.366 | J51: =(H51-I51)/2 -> 0.317 | K51: 50 | L51: 1948.494 | M51: 1988.312 | N51: 39.817 | O51: 6.2975001 | P51: 1962.6 | Q51: 0.36249995 | R51: 7.3358617 | S51: 1964.6999 | T51: 0.30226159 | U51: 6.5159998 | V51: 1964.4 | W51: 0.2420001 | X51: 23.659252 | Y51: =IF((1-AO51)<20%,"I",IF((1-AO51)<40%,"II",IF((1-AO51)<60%,"III",IF((1-AO51)<80%,"IV","V")))) -> II | Z51: =+((J51-W51)/J51)*100 -> 23.659274 | AA51: =+((U51/O51)-1)*100 -> 3.4696253 | AB51: =+(((U51-(T51-W51))/O51)-1)*100 -> 2.5127141 | AC51: =+(100-Z51)/100 -> 0.76340726 | AD51: =IF(AB51>=0.5,(1-(0.05*(AB51-0.5))),1) -> 0.8993643 | AE51: =ROUND(AC51*AD51,2) -> 0.69 | AF51: 6340 | AG51: 3830 | AH51: =AK51/100 -> 0.030612154 | AI51: =+AC51*AF51 -> 4840.0021 | AJ51: =+AE51*AG51 -> 2642.7 | AK51: 3.0612154 | AL51: 1964.6999 | AM51: =IF((AH51)<2%,"I",IF((AH51)<5%,"II","III")) -> II | AO51: =((100*W51)/J51)% -> 0.76340726 | AP51: =IF(Y51="I","Daño del 0-15%",IF(Y51="II","Daño del 15-25%",IF(Y51="III","Daño del 25-50%","Daño del 50-100%"))) -> Daño del 15-25% | AQ51: =Path&"images\sec_max_pen_T"&$K51&".png" -> D:\1. Pozos\11. Noviembre\4. DT-96\images\sec_max_pen_T50.png | AR51: =Path&"images\sec_max_res_T"&$K51&".png" -> D:\1. Pozos\11. Noviembre\4. DT-96\images\sec_max_res_T50.png | AS51: =Path&"images\"&$K51&".emf" -> D:\1. Pozos\11. Noviembre\4. DT-96\images\50.emf | AT51: =Path&"images\GraficaIntegradaT"&$K51&".png" -> D:\1. Pozos\11. Noviembre\4. DT-96\images\GraficaIntegradaT50.png
A52: =Pozo -> Well-1 | B52: =campo -> Exploratorio | C52: =Pais -> Colombia | D52: =Departamento -> State | E52: =company -> Ecopetrol | F52: Expro | G52: =Logdate -> 24/5/2022 | H52: 7 | I52: 6.366 | J52: =(H52-I52)/2 -> 0.317 | K52: 51 | L52: 1989.812 | M52: 2029.629 | N52: 39.817 | O52: 6.3360004 | P52: 1990.6999 | Q52: 0.34249997 | R52: 10.511519 | S52: 2029.6 | T52: 0.30148816 | U52: 6.4580002 | V52: 2029.6 | W52: 0.27099991 | X52: 14.511046 | Y52: =IF((1-AO52)<20%,"I",IF((1-AO52)<40%,"II",IF((1-AO52)<60%,"III",IF((1-AO52)<80%,"IV","V")))) -> I | Z52: =+((J52-W52)/J52)*100 -> 14.51107 | AA52: =+((U52/O52)-1)*100 -> 1.9255008 | AB52: =+(((U52-(T52-W52))/O52)-1)*100 -> 1.44431 | AC52: =+(100-Z52)/100 -> 0.8548893 | AD52: =IF(AB52>=0.5,(1-(0.05*(AB52-0.5))),1) -> 0.9527845 | AE52: =ROUND(AC52*AD52,2) -> 0.81 | AF52: 6340 | AG52: 3830 | AH52: =AK52/100 -> 0.012755544 | AI52: =+AC52*AF52 -> 5419.9982 | AJ52: =+AE52*AG52 -> 3102.3 | AK52: 1.2755544 | AL52: 1990.5 | AM52: =IF((AH52)<2%,"I",IF((AH52)<5%,"II","III")) -> I | AO52: =((100*W52)/J52)% -> 0.8548893 | AP52: =IF(Y52="I","Daño del 0-15%",IF(Y52="II","Daño del 15-25%",IF(Y52="III","Daño del 25-50%","Daño del 50-100%"))) -> Daño del 0-15% | AQ52: =Path&"images\sec_max_pen_T"&$K52&".png" -> D:\1. Pozos\11. Noviembre\4. DT-96\images\sec_max_pen_T51.png | AR52: =Path&"images\sec_max_res_T"&$K52&".png" -> D:\1. Pozos\11. Noviembre\4. DT-96\images\sec_max_res_T51.png | AS52: =Path&"images\"&$K52&".emf" -> D:\1. Pozos\11. Noviembre\4. DT-96\images\51.emf | AT52: =Path&"images\GraficaIntegradaT"&$K52&".png" -> D:\1. Pozos\11. Noviembre\4. DT-96\images\GraficaIntegradaT51.png
A53: =Pozo -> Well-1 | B53: =campo -> Exploratorio | C53: =Pais -> Colombia | D53: =Departamento -> State | E53: =company -> Ecopetrol | F53: Expro | G53: =Logdate -> 24/5/2022 | H53: 7 | I53: 6.366 | J53: =(H53-I53)/2 -> 0.317 | K53: 52 | L53: 2031.129 | M53: 2072.104 | N53: 40.976 | O53: 6.3240004 | P53: 2070.8999 | Q53: 0.34949994 | R53: 7.4318337 | S53: 2072.1001 | T53: 0.30331206 | U53: 6.4790001 | V53: 2061.8999 | W53: 0.26049995 | X53: 17.823336 | Y53: =IF((1-AO53)<20%,"I",IF((1-AO53)<40%,"II",IF((1-AO53)<60%,"III",IF((1-AO53)<80%,"IV","V")))) -> I | Z53: =+((J53-W53)/J53)*100 -> 17.823358 | AA53: =+((U53/O53)-1)*100 -> 2.450976 | AB53: =+(((U53-(T53-W53))/O53)-1)*100 -> 1.7739977 | AC53: =+(100-Z53)/100 -> 0.82176642 | AD53: =IF(AB53>=0.5,(1-(0.05*(AB53-0.5))),1) -> 0.93630011 | AE53: =ROUND(AC53*AD53,2) -> 0.77 | AF53: 6340 | AG53: 3830 | AH53: =AK53/100 -> 0.021840906 | AI53: =+AC53*AF53 -> 5209.9991 | AJ53: =+AE53*AG53 -> 2949.1 | AK53: 2.1840906 | AL53: 2070.8999 | AM53: =IF((AH53)<2%,"I",IF((AH53)<5%,"II","III")) -> II | AO53: =((100*W53)/J53)% -> 0.82176642 | AP53: =IF(Y53="I","Daño del 0-15%",IF(Y53="II","Daño del 15-25%",IF(Y53="III","Daño del 25-50%","Daño del 50-100%"))) -> Daño del 0-15% | AQ53: =Path&"images\sec_max_pen_T"&$K53&".png" -> D:\1. Pozos\11. Noviembre\4. DT-96\images\sec_max_pen_T52.png | AR53: =Path&"images\sec_max_res_T"&$K53&".png" -> D:\1. Pozos\11. Noviembre\4. DT-96\images\sec_max_res_T52.png | AS53: =Path&"images\"&$K53&".emf" -> D:\1. Pozos\11. Noviembre\4. DT-96\images\52.emf | AT53: =Path&"images\GraficaIntegradaT"&$K53&".png" -> D:\1. Pozos\11. Noviembre\4. DT-96\images\GraficaIntegradaT52.png
A54: =Pozo -> Well-1 | B54: =campo -> Exploratorio | C54: =Pais -> Colombia | D54: =Departamento -> State | E54: =company -> Ecopetrol | F54: Expro | G54: =Logdate -> 24/5/2022 | H54: 7 | I54: 6.366 | J54: =(H54-I54)/2 -> 0.317 | K54: 53 | L54: 2073.604 | M54: 2113.615 | N54: 40.01 | O54: 6.3480005 | P54: 2102.8 | Q54: 0.33450007 | R54: 6.3084869 | S54: 2111.7 | T54: 0.29959941 | U54: 6.4619999 | V54: 2076.3999 | W54: 0.26900005 | X54: 15.141915 | Y54: =IF((1-AO54)<20%,"I",IF((1-AO54)<40%,"II",IF((1-AO54)<60%,"III",IF((1-AO54)<80%,"IV","V")))) -> I | Z54: =+((J54-W54)/J54)*100 -> 15.141939 | AA54: =+((U54/O54)-1)*100 -> 1.795831 | AB54: =+(((U54-(T54-W54))/O54)-1)*100 -> 1.3137996 | AC54: =+(100-Z54)/100 -> 0.84858061 | AD54: =IF(AB54>=0.5,(1-(0.05*(AB54-0.5))),1) -> 0.95931002 | AE54: =ROUND(AC54*AD54,2) -> 0.81 | AF54: 6340 | AG54: 3830 | AH54: =AK54/100 -> 0.013668717 | AI54: =+AC54*AF54 -> 5380.0011 | AJ54: =+AE54*AG54 -> 3102.3 | AK54: 1.3668717 | AL54: 2103.3 | AM54: =IF((AH54)<2%,"I",IF((AH54)<5%,"II","III")) -> I | AO54: =((100*W54)/J54)% -> 0.84858061 | AP54: =IF(Y54="I","Daño del 0-15%",IF(Y54="II","Daño del 15-25%",IF(Y54="III","Daño del 25-50%","Daño del 50-100%"))) -> Daño del 0-15% | AQ54: =Path&"images\sec_max_pen_T"&$K54&".png" -> D:\1. Pozos\11. Noviembre\4. DT-96\images\sec_max_pen_T53.png | AR54: =Path&"images\sec_max_res_T"&$K54&".png" -> D:\1. Pozos\11. Noviembre\4. DT-96\images\sec_max_res_T53.png | AS54: =Path&"images\"&$K54&".emf" -> D:\1. Pozos\11. Noviembre\4. DT-96\images\53.emf | AT54: =Path&"images\GraficaIntegradaT"&$K54&".png" -> D:\1. Pozos\11. Noviembre\4. DT-96\images\GraficaIntegradaT53.png
A55: =Pozo -> Well-1 | B55: =campo -> Exploratorio | C55: =Pais -> Colombia | D55: =Departamento -> State | E55: =company -> Ecopetrol | F55: Expro | G55: =Logdate -> 24/5/2022 | H55: 7 | I55: 6.366 | J55: =(H55-I55)/2 -> 0.317 | K55: 54 | L55: 2115.115 | M55: 2156.476 | N55: 41.362 | O55: 6.3440003 | P55: 2115.8 | Q55: 0.33400011 | R55: 12.641336 | S55: 2156.5 | T55: 0.30179071 | U55: 6.4720001 | V55: 2116.2 | W55: 0.26399994 | X55: 16.719238 | Y55: =IF((1-AO55)<20%,"I",IF((1-AO55)<40%,"II",IF((1-AO55)<60%,"III",IF((1-AO55)<80%,"IV","V")))) -> I | Z55: =+((J55-W55)/J55)*100 -> 16.719262 | AA55: =+((U55/O55)-1)*100 -> 2.0176509 | AB55: =+(((U55-(T55-W55))/O55)-1)*100 -> 1.4219578 | AC55: =+(100-Z55)/100 -> 0.83280738 | AD55: =IF(AB55>=0.5,(1-(0.05*(AB55-0.5))),1) -> 0.95390211 | AE55: =ROUND(AC55*AD55,2) -> 0.79 | AF55: 6340 | AG55: 3830 | AH55: =AK55/100 -> 0.015953401 | AI55: =+AC55*AF55 -> 5279.9988 | AJ55: =+AE55*AG55 -> 3025.7 | AK55: 1.5953401 | AL55: 2116.2 | AM55: =IF((AH55)<2%,"I",IF((AH55)<5%,"II","III")) -> I | AO55: =((100*W55)/J55)% -> 0.83280738 | AP55: =IF(Y55="I","Daño del 0-15%",IF(Y55="II","Daño del 15-25%",IF(Y55="III","Daño del 25-50%","Daño del 50-100%"))) -> Daño del 0-15% | AQ55: =Path&"images\sec_max_pen_T"&$K55&".png" -> D:\1. Pozos\11. Noviembre\4. DT-96\images\sec_max_pen_T54.png | AR55: =Path&"images\sec_max_res_T"&$K55&".png" -> D:\1. Pozos\11. Noviembre\4. DT-96\images\sec_max_res_T54.png | AS55: =Path&"images\"&$K55&".emf" -> D:\1. Pozos\11. Noviembre\4. DT-96\images\54.emf | AT55: =Path&"images\GraficaIntegradaT"&$K55&".png" -> D:\1. Pozos\11. Noviembre\4. DT-96\images\GraficaIntegradaT54.png
A56: =Pozo -> Well-1 | B56: =campo -> Exploratorio | C56: =Pais -> Colombia | D56: =Departamento -> State | E56: =company -> Ecopetrol | F56: Expro | G56: =Logdate -> 24/5/2022 | H56: 7 | I56: 6.366 | J56: =(H56-I56)/2 -> 0.317 | K56: 55 | L56: 2157.976 | M56: 2198.373 | N56: 40.396 | O56: 6.3305001 | P56: 2167.5 | Q56: 0.34299993 | R56: 5.1580725 | S56: 2175.6001 | T56: 0.30296612 | U56: 6.467 | V56: 2167.3999 | W56: 0.2665 | X56: 15.930577 | Y56: =IF((1-AO56)<20%,"I",IF((1-AO56)<40%,"II",IF((1-AO56)<60%,"III",IF((1-AO56)<80%,"IV","V")))) -> I | Z56: =+((J56-W56)/J56)*100 -> 15.930601 | AA56: =+((U56/O56)-1)*100 -> 2.1562258 | AB56: =+(((U56-(T56-W56))/O56)-1)*100 -> 1.5801873 | AC56: =+(100-Z56)/100 -> 0.84069399 | AD56: =IF(AB56>=0.5,(1-(0.05*(AB56-0.5))),1) -> 0.94599064 | AE56: =ROUND(AC56*AD56,2) -> 0.8 | AF56: 6340 | AG56: 3830 | AH56: =AK56/100 -> 0.017007418 | AI56: =+AC56*AF56 -> 5329.9999 | AJ56: =+AE56*AG56 -> 3064 | AK56: 1.7007418 | AL56: 2167.3999 | AM56: =IF((AH56)<2%,"I",IF((AH56)<5%,"II","III")) -> I | AO56: =((100*W56)/J56)% -> 0.84069399 | AP56: =IF(Y56="I","Daño del 0-15%",IF(Y56="II","Daño del 15-25%",IF(Y56="III","Daño del 25-50%","Daño del 50-100%"))) -> Daño del 0-15% | AQ56: =Path&"images\sec_max_pen_T"&$K56&".png" -> D:\1. Pozos\11. Noviembre\4. DT-96\images\sec_max_pen_T55.png | AR56: =Path&"images\sec_max_res_T"&$K56&".png" -> D:\1. Pozos\11. Noviembre\4. DT-96\images\sec_max_res_T55.png | AS56: =Path&"images\"&$K56&".emf" -> D:\1. Pozos\11. Noviembre\4. DT-96\images\55.emf | AT56: =Path&"images\GraficaIntegradaT"&$K56&".png" -> D:\1. Pozos\11. Noviembre\4. DT-96\images\GraficaIntegradaT55.png
A57: =Pozo -> Well-1 | B57: =campo -> Exploratorio | C57: =Pais -> Colombia | D57: =Departamento -> State | E57: =company -> Ecopetrol | F57: Expro | G57: =Logdate -> 24/5/2022 | H57: 7 | I57: 6.366 | J57: =(H57-I57)/2 -> 0.317 | K57: 56 | L57: 2199.873 | M57: 2240.848 | N57: 40.976 | O57: 6.3360004 | P57: 2239 | Q57: 0.3434999 | R57: 5.7721472 | S57: 2240.8 | T57: 0.30270362 | U57: 6.4759998 | V57: 2238.6001 | W57: 0.26200008 | X57: 17.350109 | Y57: =IF((1-AO57)<20%,"I",IF((1-AO57)<40%,"II",IF((1-AO57)<60%,"III",IF((1-AO57)<80%,"IV","V")))) -> I | Z57: =+((J57-W57)/J57)*100 -> 17.350131 | AA57: =+((U57/O57)-1)*100 -> 2.2095862 | AB57: =+(((U57-(T57-W57))/O57)-1)*100 -> 1.5671693 | AC57: =+(100-Z57)/100 -> 0.82649869 | AD57: =IF(AB57>=0.5,(1-(0.05*(AB57-0.5))),1) -> 0.94664153 | AE57: =ROUND(AC57*AD57,2) -> 0.78 | AF57: 6340 | AG57: 3830 | AH57: =AK57/100 -> 0.018416857 | AI57: =+AC57*AF57 -> 5240.0017 | AJ57: =+AE57*AG57 -> 2987.4 | AK57: 1.8416857 | AL57: 2238.8999 | AM57: =IF((AH57)<2%,"I",IF((AH57)<5%,"II","III")) -> I | AO57: =((100*W57)/J57)% -> 0.82649869 | AP57: =IF(Y57="I","Daño del 0-15%",IF(Y57="II","Daño del 15-25%",IF(Y57="III","Daño del 25-50%","Daño del 50-100%"))) -> Daño del 0-15% | AQ57: =Path&"images\sec_max_pen_T"&$K57&".png" -> D:\1. Pozos\11. Noviembre\4. DT-96\images\sec_max_pen_T56.png | AR57: =Path&"images\sec_max_res_T"&$K57&".png" -> D:\1. Pozos\11. Noviembre\4. DT-96\images\sec_max_res_T56.png | AS57: =Path&"images\"&$K57&".emf" -> D:\1. Pozos\11. Noviembre\4. DT-96\images\56.emf | AT57: =Path&"images\GraficaIntegradaT"&$K57&".png" -> D:\1. Pozos\11. Noviembre\4. DT-96\images\GraficaIntegradaT56.png
A58: =Pozo -> Well-1 | B58: =campo -> Exploratorio | C58: =Pais -> Colombia | D58: =Departamento -> State | E58: =company -> Ecopetrol | F58: Expro | G58: =Logdate -> 24/5/2022 | H58: 7 | I58: 6.366 | J58: =(H58-I58)/2 -> 0.317 | K58: 57 | L58: 2242.348 | M58: 2281.973 | N58: 39.624 | O58: 6.1860003 | P58: 2265.6001 | Q58: 0.41650009 | R58: 13.011867 | S58: 2265.5 | T58: 0.30305028 | U58: 6.6830001 | V58: 2272 | W58: 0.15849996 | X58: 50 | Y58: =IF((1-AO58)<20%,"I",IF((1-AO58)<40%,"II",IF((1-AO58)<60%,"III",IF((1-AO58)<80%,"IV","V")))) -> III | Z58: =+((J58-W58)/J58)*100 -> 50.000014 | AA58: =+((U58/O58)-1)*100 -> 8.0342663 | AB58: =+(((U58-(T58-W58))/O58)-1)*100 -> 5.6975331 | AC58: =+(100-Z58)/100 -> 0.49999986 | AD58: =IF(AB58>=0.5,(1-(0.05*(AB58-0.5))),1) -> 0.74012335 | AE58: =ROUND(AC58*AD58,2) -> 0.37 | AF58: 6340 | AG58: 3830 | AH58: =AK58/100 -> 0.067000837 | AI58: =+AC58*AF58 -> 3169.9991 | AJ58: =+AE58*AG58 -> 1417.1 | AK58: 6.7000837 | AL58: 2265.3 | AM58: =IF((AH58)<2%,"I",IF((AH58)<5%,"II","III")) -> III | AN58: Perf. | AO58: =((100*W58)/J58)% -> 0.49999986 | AP58: =IF(Y58="I","Daño del 0-15%",IF(Y58="II","Daño del 15-25%",IF(Y58="III","Daño del 25-50%","Daño del 50-100%"))) -> Daño del 25-50% | AQ58: =Path&"images\sec_max_pen_T"&$K58&".png" -> D:\1. Pozos\11. Noviembre\4. DT-96\images\sec_max_pen_T57.png | AR58: =Path&"images\sec_max_res_T"&$K58&".png" -> D:\1. Pozos\11. Noviembre\4. DT-96\images\sec_max_res_T57.png | AS58: =Path&"images\"&$K58&".emf" -> D:\1. Pozos\11. Noviembre\4. DT-96\images\57.emf | AT58: =Path&"images\GraficaIntegradaT"&$K58&".png" -> D:\1. Pozos\11. Noviembre\4. DT-96\images\GraficaIntegradaT57.png
A59: =Pozo -> Well-1 | B59: =campo -> Exploratorio | C59: =Pais -> Colombia | D59: =Departamento -> State | E59: =company -> Ecopetrol | F59: Expro | G59: =Logdate -> 24/5/2022 | H59: 7 | I59: 6.366 | J59: =(H59-I59)/2 -> 0.317 | K59: 58 | L59: 2283.473 | M59: 2324.255 | N59: 40.783 | O59: 6.2935004 | P59: 2307.8999 | Q59: 0.36150003 | R59: 8.2285747 | S59: 2307.8999 | T59: 0.30048251 | U59: 6.52 | V59: 2306 | W59: 0.24000001 | X59: 24.290197 | Y59: =IF((1-AO59)<20%,"I",IF((1-AO59)<40%,"II",IF((1-AO59)<60%,"III",IF((1-AO59)<80%,"IV","V")))) -> II | Z59: =+((J59-W59)/J59)*100 -> 24.290218 | AA59: =+((U59/O59)-1)*100 -> 3.5989441 | AB59: =+(((U59-(T59-W59))/O59)-1)*100 -> 2.6379129 | AC59: =+(100-Z59)/100 -> 0.75709782 | AD59: =IF(AB59>=0.5,(1-(0.05*(AB59-0.5))),1) -> 0.89310436 | AE59: =ROUND(AC59*AD59,2) -> 0.68 | AF59: 6340 | AG59: 3830 | AH59: =AK59/100 -> 0.035403571 | AI59: =+AC59*AF59 -> 4800.0002 | AJ59: =+AE59*AG59 -> 2604.4 | AK59: 3.5403571 | AL59: 2307.8999 | AM59: =IF((AH59)<2%,"I",IF((AH59)<5%,"II","III")) -> II | AO59: =((100*W59)/J59)% -> 0.75709782 | AP59: =IF(Y59="I","Daño del 0-15%",IF(Y59="II","Daño del 15-25%",IF(Y59="III","Daño del 25-50%","Daño del 50-100%"))) -> Daño del 15-25% | AQ59: =Path&"images\sec_max_pen_T"&$K59&".png" -> D:\1. Pozos\11. Noviembre\4. DT-96\images\sec_max_pen_T58.png | AR59: =Path&"images\sec_max_res_T"&$K59&".png" -> D:\1. Pozos\11. Noviembre\4. DT-96\images\sec_max_res_T58.png | AS59: =Path&"images\"&$K59&".emf" -> D:\1. Pozos\11. Noviembre\4. DT-96\images\58.emf | AT59: =Path&"images\GraficaIntegradaT"&$K59&".png" -> D:\1. Pozos\11. Noviembre\4. DT-96\images\GraficaIntegradaT58.png
A60: =Pozo -> Well-1 | B60: =campo -> Exploratorio | C60: =Pais -> Colombia | D60: =Departamento -> State | E60: =company -> Ecopetrol | F60: Expro | G60: =Logdate -> 24/5/2022 | H60: 7 | I60: 6.366 | J60: =(H60-I60)/2 -> 0.317 | K60: 59 | L60: 2325.755 | M60: 2365.958 | N60: 40.203 | O60: 6.3040004 | P60: 2332.6001 | Q60: 0.36350012 | R60: 9.2260141 | S60: 2331.1001 | T60: 0.29895472 | U60: 6.8010001 | V60: 2331.1001 | W60: 0.099499941 | X60: 68.611992 | Y60: =IF((1-AO60)<20%,"I",IF((1-AO60)<40%,"II",IF((1-AO60)<60%,"III",IF((1-AO60)<80%,"IV","V")))) -> IV | Z60: =+((J60-W60)/J60)*100 -> 68.612006 | AA60: =+((U60/O60)-1)*100 -> 7.8838786 | AB60: =+(((U60-(T60-W60))/O60)-1)*100 -> 4.7199387 | AC60: =+(100-Z60)/100 -> 0.31387994 | AD60: =IF(AB60>=0.5,(1-(0.05*(AB60-0.5))),1) -> 0.78900306 | AE60: =ROUND(AC60*AD60,2) -> 0.25 | AF60: 6340 | AG60: 3830 | AH60: =AK60/100 -> 0.026904461 | AI60: =+AC60*AF60 -> 1989.9988 | AJ60: =+AE60*AG60 -> 957.5 | AK60: 2.6904461 | AL60: 2332.6001 | AM60: =IF((AH60)<2%,"I",IF((AH60)<5%,"II","III")) -> II | AN60: Perf. | AO60: =((100*W60)/J60)% -> 0.31387994 | AP60: =IF(Y60="I","Daño del 0-15%",IF(Y60="II","Daño del 15-25%",IF(Y60="III","Daño del 25-50%","Daño del 50-100%"))) -> Daño del 50-100% | AQ60: =Path&"images\sec_max_pen_T"&$K60&".png" -> D:\1. Pozos\11. Noviembre\4. DT-96\images\sec_max_pen_T59.png | AR60: =Path&"images\sec_max_res_T"&$K60&".png" -> D:\1. Pozos\11. Noviembre\4. DT-96\images\sec_max_res_T59.png | AS60: =Path&"images\"&$K60&".emf" -> D:\1. Pozos\11. Noviembre\4. DT-96\images\59.emf | AT60: =Path&"images\GraficaIntegradaT"&$K60&".png" -> D:\1. Pozos\11. Noviembre\4. DT-96\images\GraficaIntegradaT59.png
A61: =Pozo -> Well-1 | B61: =campo -> Exploratorio | C61: =Pais -> Colombia | D61: =Departamento -> State | E61: =company -> Ecopetrol | F61: Expro | G61: =Logdate -> 24/5/2022 | H61: 7 | I61: 6.366 | J61: =(H61-I61)/2 -> 0.317 | K61: 60 | L61: 2367.458 | M61: 2403.221 | N61: 35.763 | O61: 6.3415003 | P61: 2373.1001 | Q61: 0.34249997 | R61: 12.555916 | S61: 2367.5 | T61: 0.300596 | U61: 6.4759998 | V61: 2373.3 | W61: 0.26200008 | X61: 17.350109 | Y61: =IF((1-AO61)<20%,"I",IF((1-AO61)<40%,"II",IF((1-AO61)<60%,"III",IF((1-AO61)<80%,"IV","V")))) -> I | Z61: =+((J61-W61)/J61)*100 -> 17.350131 | AA61: =+((U61/O61)-1)*100 -> 2.1209421 | AB61: =+(((U61-(T61-W61))/O61)-1)*100 -> 1.5123178 | AC61: =+(100-Z61)/100 -> 0.82649869 | AD61: =IF(AB61>=0.5,(1-(0.05*(AB61-0.5))),1) -> 0.94938411 | AE61: =ROUND(AC61*AD61,2) -> 0.78 | AF61: 6340 | AG61: 3830 | AH61: =AK61/100 -> 0.01661924 | AI61: =+AC61*AF61 -> 5240.0017 | AJ61: =+AE61*AG61 -> 2987.4 | AK61: 1.661924 | AL61: 2375.7 | AM61: =IF((AH61)<2%,"I",IF((AH61)<5%,"II","III")) -> I | AO61: =((100*W61)/J61)% -> 0.82649869 | AP61: =IF(Y61="I","Daño del 0-15%",IF(Y61="II","Daño del 15-25%",IF(Y61="III","Daño del 25-50%","Daño del 50-100%"))) -> Daño del 0-15% | AQ61: =Path&"images\sec_max_pen_T"&$K61&".png" -> D:\1. Pozos\11. Noviembre\4. DT-96\images\sec_max_pen_T60.png | AR61: =Path&"images\sec_max_res_T"&$K61&".png" -> D:\1. Pozos\11. Noviembre\4. DT-96\images\sec_max_res_T60.png | AS61: =Path&"images\"&$K61&".emf" -> D:\1. Pozos\11. Noviembre\4. DT-96\images\60.emf | AT61: =Path&"images\GraficaIntegradaT"&$K61&".png" -> D:\1. Pozos\11. Noviembre\4. DT-96\images\GraficaIntegradaT60.png
A62: =Pozo -> Well-1 | B62: =campo -> Exploratorio | C62: =Pais -> Colombia | D62: =Departamento -> State | E62: =company -> Ecopetrol | F62: Expro | G62: =Logdate -> 24/5/2022 | H62: 7 | I62: 6.366 | J62: =(H62-I62)/2 -> 0.317 | K62: 61 | L62: 2404.721 | M62: 2444.538 | N62: 39.817 | O62: 6.2500005 | P62: 2425.6001 | Q62: 0.44499993 | R62: 8.381855 | S62: 2404.7 | T62: 0.30227518 | U62: 6.481 | V62: 2425.7 | W62: 0.25950003 | X62: 18.138771 | Y62: =IF((1-AO62)<20%,"I",IF((1-AO62)<40%,"II",IF((1-AO62)<60%,"III",IF((1-AO62)<80%,"IV","V")))) -> I | Z62: =+((J62-W62)/J62)*100 -> 18.138793 | AA62: =+((U62/O62)-1)*100 -> 3.6959912 | AB62: =+(((U62-(T62-W62))/O62)-1)*100 -> 3.0115888 | AC62: =+(100-Z62)/100 -> 0.81861207 | AD62: =IF(AB62>=0.5,(1-(0.05*(AB62-0.5))),1) -> 0.87442056 | AE62: =ROUND(AC62*AD62,2) -> 0.72 | AF62: 6340 | AG62: 3830 | AH62: =AK62/100 -> 0.016339362 | AI62: =+AC62*AF62 -> 5190.0005 | AJ62: =+AE62*AG62 -> 2757.6 | AK62: 1.6339362 | AL62: 2431.3 | AM62: =IF((AH62)<2%,"I",IF((AH62)<5%,"II","III")) -> I | AO62: =((100*W62)/J62)% -> 0.81861207 | AP62: =IF(Y62="I","Daño del 0-15%",IF(Y62="II","Daño del 15-25%",IF(Y62="III","Daño del 25-50%","Daño del 50-100%"))) -> Daño del 0-15% | AQ62: =Path&"images\sec_max_pen_T"&$K62&".png" -> D:\1. Pozos\11. Noviembre\4. DT-96\images\sec_max_pen_T61.png | AR62: =Path&"images\sec_max_res_T"&$K62&".png" -> D:\1. Pozos\11. Noviembre\4. DT-96\images\sec_max_res_T61.png | AS62: =Path&"images\"&$K62&".emf" -> D:\1. Pozos\11. Noviembre\4. DT-96\images\61.emf | AT62: =Path&"images\GraficaIntegradaT"&$K62&".png" -> D:\1. Pozos\11. Noviembre\4. DT-96\images\GraficaIntegradaT61.png
A63: =Pozo -> Well-1 | B63: =campo -> Exploratorio | C63: =Pais -> Colombia | D63: =Departamento -> State | E63: =company -> Ecopetrol | F63: Expro | G63: =Logdate -> 24/5/2022 | H63: 7 | I63: 6.366 | J63: =(H63-I63)/2 -> 0.317 | K63: 62 | L63: 2446.038 | M63: 2485.662 | N63: 39.624 | O63: 6.3045001 | P63: 2485.2 | Q63: 0.36249995 | R63: 12.089598 | S63: 2446 | T63: 0.29811406 | U63: 6.7779999 | V63: 2447.3999 | W63: 0.11100006 | X63: 64.9842 | Y63: =IF((1-AO63)<20%,"I",IF((1-AO63)<40%,"II",IF((1-AO63)<60%,"III",IF((1-AO63)<80%,"IV","V")))) -> IV | Z63: =+((J63-W63)/J63)*100 -> 64.984208 | AA63: =+((U63/O63)-1)*100 -> 7.5105048 | AB63: =+(((U63-(T63-W63))/O63)-1)*100 -> 4.5425613 | AC63: =+(100-Z63)/100 -> 0.35015792 | AD63: =IF(AB63>=0.5,(1-(0.05*(AB63-0.5))),1) -> 0.79787194 | AE63: =ROUND(AC63*AD63,2) -> 0.28 | AF63: 6340 | AG63: 3830 | AH63: =AK63/100 -> 0.027968431 | AI63: =+AC63*AF63 -> 2220.0012 | AJ63: =+AE63*AG63 -> 1072.4 | AK63: 2.7968431 | AL63: 2485.1001 | AM63: =IF((AH63)<2%,"I",IF((AH63)<5%,"II","III")) -> II | AN63: Perf. | AO63: =((100*W63)/J63)% -> 0.35015792 | AP63: =IF(Y63="I","Daño del 0-15%",IF(Y63="II","Daño del 15-25%",IF(Y63="III","Daño del 25-50%","Daño del 50-100%"))) -> Daño del 50-100% | AQ63: =Path&"images\sec_max_pen_T"&$K63&".png" -> D:\1. Pozos\11. Noviembre\4. DT-96\images\sec_max_pen_T62.png | AR63: =Path&"images\sec_max_res_T"&$K63&".png" -> D:\1. Pozos\11. Noviembre\4. DT-96\images\sec_max_res_T62.png | AS63: =Path&"images\"&$K63&".emf" -> D:\1. Pozos\11. Noviembre\4. DT-96\images\62.emf | AT63: =Path&"images\GraficaIntegradaT"&$K63&".png" -> D:\1. Pozos\11. Noviembre\4. DT-96\images\GraficaIntegradaT62.png
A64: =Pozo -> Well-1 | B64: =campo -> Exploratorio | C64: =Pais -> Colombia | D64: =Departamento -> State | E64: =company -> Ecopetrol | F64: Expro | G64: =Logdate -> 24/5/2022 | H64: 7 | I64: 6.366 | J64: =(H64-I64)/2 -> 0.317 | K64: 63 | L64: 2487.162 | M64: 2526.98 | N64: 39.817 | O64: 6.3130002 | P64: 2491.6001 | Q64: 0.35400009 | R64: 7.9980431 | S64: 2487.2 | T64: 0.30117536 | U64: 6.513 | V64: 2495.5 | W64: 0.24349999 | X64: 23.1861 | Y64: =IF((1-AO64)<20%,"I",IF((1-AO64)<40%,"II",IF((1-AO64)<60%,"III",IF((1-AO64)<80%,"IV","V")))) -> II | Z64: =+((J64-W64)/J64)*100 -> 23.186122 | AA64: =+((U64/O64)-1)*100 -> 3.1680628 | AB64: =+(((U64-(T64-W64))/O64)-1)*100 -> 2.2544661 | AC64: =+(100-Z64)/100 -> 0.76813878 | AD64: =IF(AB64>=0.5,(1-(0.05*(AB64-0.5))),1) -> 0.9122767 | AE64: =ROUND(AC64*AD64,2) -> 0.7 | AF64: 6340 | AG64: 3830 | AH64: =AK64/100 -> 0.02675045 | AI64: =+AC64*AF64 -> 4869.9999 | AJ64: =+AE64*AG64 -> 2681 | AK64: 2.675045 | AL64: 2495.6001 | AM64: =IF((AH64)<2%,"I",IF((AH64)<5%,"II","III")) -> II | AO64: =((100*W64)/J64)% -> 0.76813878 | AP64: =IF(Y64="I","Daño del 0-15%",IF(Y64="II","Daño del 15-25%",IF(Y64="III","Daño del 25-50%","Daño del 50-100%"))) -> Daño del 15-25% | AQ64: =Path&"images\sec_max_pen_T"&$K64&".png" -> D:\1. Pozos\11. Noviembre\4. DT-96\images\sec_max_pen_T63.png | AR64: =Path&"images\sec_max_res_T"&$K64&".png" -> D:\1. Pozos\11. Noviembre\4. DT-96\images\sec_max_res_T63.png | AS64: =Path&"images\"&$K64&".emf" -> D:\1. Pozos\11. Noviembre\4. DT-96\images\63.emf | AT64: =Path&"images\GraficaIntegradaT"&$K64&".png" -> D:\1. Pozos\11. Noviembre\4. DT-96\images\GraficaIntegradaT63.png
A65: =Pozo -> Well-1 | B65: =campo -> Exploratorio | C65: =Pais -> Colombia | D65: =Departamento -> State | E65: =company -> Ecopetrol | F65: Expro | G65: =Logdate -> 24/5/2022 | H65: 7 | I65: 6.366 | J65: =(H65-I65)/2 -> 0.317 | K65: 64 | L65: 2528.48 | M65: 2565.98 | N65: 37.5 | O65: 6.2870002 | P65: 2554.3 | Q65: 0.37100005 | R65: 7.6962113 | S65: 2554.2 | T65: 0.30067825 | U65: 6.5149999 | V65: 2554.1001 | W65: 0.24250007 | X65: 23.501535 | Y65: =IF((1-AO65)<20%,"I",IF((1-AO65)<40%,"II",IF((1-AO65)<60%,"III",IF((1-AO65)<80%,"IV","V")))) -> II | Z65: =+((J65-W65)/J65)*100 -> 23.501556 | AA65: =+((U65/O65)-1)*100 -> 3.6265259 | AB65: =+(((U65-(T65-W65))/O65)-1)*100 -> 2.7011532 | AC65: =+(100-Z65)/100 -> 0.76498444 | AD65: =IF(AB65>=0.5,(1-(0.05*(AB65-0.5))),1) -> 0.88994234 | AE65: =ROUND(AC65*AD65,2) -> 0.68 | AF65: 6340 | AG65: 3830 | AH65: =AK65/100 -> 0.03354924 | AI65: =+AC65*AF65 -> 4850.0013 | AJ65: =+AE65*AG65 -> 2604.4 | AK65: 3.354924 | AL65: 2554.2 | AM65: =IF((AH65)<2%,"I",IF((AH65)<5%,"II","III")) -> II | AO65: =((100*W65)/J65)% -> 0.76498444 | AP65: =IF(Y65="I","Daño del 0-15%",IF(Y65="II","Daño del 15-25%",IF(Y65="III","Daño del 25-50%","Daño del 50-100%"))) -> Daño del 15-25% | AQ65: =Path&"images\sec_max_pen_T"&$K65&".png" -> D:\1. Pozos\11. Noviembre\4. DT-96\images\sec_max_pen_T64.png | AR65: =Path&"images\sec_max_res_T"&$K65&".png" -> D:\1. Pozos\11. Noviembre\4. DT-96\images\sec_max_res_T64.png | AS65: =Path&"images\"&$K65&".emf" -> D:\1. Pozos\11. Noviembre\4. DT-96\images\64.emf | AT65: =Path&"images\GraficaIntegradaT"&$K65&".png" -> D:\1. Pozos\11. Noviembre\4. DT-96\images\GraficaIntegradaT64.png
A66: =Pozo -> Well-1 | B66: =campo -> Exploratorio | C66: =Pais -> Colombia | D66: =Departamento -> State | E66: =company -> Ecopetrol | F66: Expro | G66: =Logdate -> 24/5/2022 | H66: 7 | I66: 6.366 | J66: =(H66-I66)/2 -> 0.317 | K66: 65 | L66: 2567.48 | M66: 2604.98 | N66: 37.5 | O66: 6.3070002 | P66: 2587.3 | Q66: 0.35599995 | R66: 12.548784 | S66: 2567.6001 | T66: 0.29626298 | U66: 6.7880001 | V66: 2600.8999 | W66: 0.10599995 | X66: 66.561523 | Y66: =IF((1-AO66)<20%,"I",IF((1-AO66)<40%,"II",IF((1-AO66)<60%,"III",IF((1-AO66)<80%,"IV","V")))) -> IV | Z66: =+((J66-W66)/J66)*100 -> 66.561531 | AA66: =+((U66/O66)-1)*100 -> 7.6264458 | AB66: =+(((U66-(T66-W66))/O66)-1)*100 -> 4.6097496 | AC66: =+(100-Z66)/100 -> 0.33438469 | AD66: =IF(AB66>=0.5,(1-(0.05*(AB66-0.5))),1) -> 0.79451252 | AE66: =ROUND(AC66*AD66,2) -> 0.27 | AF66: 6340 | AG66: 3830 | AH66: =AK66/100 -> 0.026996963 | AI66: =+AC66*AF66 -> 2119.9989 | AJ66: =+AE66*AG66 -> 1034.1 | AK66: 2.6996963 | AL66: 2587.5 | AM66: =IF((AH66)<2%,"I",IF((AH66)<5%,"II","III")) -> II | AN66: Perf. | AO66: =((100*W66)/J66)% -> 0.33438469 | AP66: =IF(Y66="I","Daño del 0-15%",IF(Y66="II","Daño del 15-25%",IF(Y66="III","Daño del 25-50%","Daño del 50-100%"))) -> Daño del 50-100% | AQ66: =Path&"images\sec_max_pen_T"&$K66&".png" -> D:\1. Pozos\11. Noviembre\4. DT-96\images\sec_max_pen_T65.png | AR66: =Path&"images\sec_max_res_T"&$K66&".png" -> D:\1. Pozos\11. Noviembre\4. DT-96\images\sec_max_res_T65.png | AS66: =Path&"images\"&$K66&".emf" -> D:\1. Pozos\11. Noviembre\4. DT-96\images\65.emf | AT66: =Path&"images\GraficaIntegradaT"&$K66&".png" -> D:\1. Pozos\11. Noviembre\4. DT-96\images\GraficaIntegradaT65.png
A67: =Pozo -> Well-1 | B67: =campo -> Exploratorio | C67: =Pais -> Colombia | D67: =Departamento -> State | E67: =company -> Ecopetrol | F67: Expro | G67: =Logdate -> 24/5/2022 | H67: 7 | I67: 6.366 | J67: =(H67-I67)/2 -> 0.317 | K67: 66 | L67: 2606.48 | M67: 2648.035 | N67: 41.555 | O67: 6.3165002 | P67: 2614.8 | Q67: 0.34899998 | R67: 12.157076 | S67: 2648 | T67: 0.30063963 | U67: 6.7529998 | V67: 2606.8999 | W67: 0.12350011 | X67: 61.040962 | Y67: =IF((1-AO67)<20%,"I",IF((1-AO67)<40%,"II",IF((1-AO67)<60%,"III",IF((1-AO67)<80%,"IV","V")))) -> IV | Z67: =+((J67-W67)/J67)*100 -> 61.040975 | AA67: =+((U67/O67)-1)*100 -> 6.9104659 | AB67: =+(((U67-(T67-W67))/O67)-1)*100 -> 4.1060724 | AC67: =+(100-Z67)/100 -> 0.38959025 | AD67: =IF(AB67>=0.5,(1-(0.05*(AB67-0.5))),1) -> 0.81969638 | AE67: =ROUND(AC67*AD67,2) -> 0.32 | AF67: 6340 | AG67: 3830 | AH67: =AK67/100 -> 0.025258505 | AI67: =+AC67*AF67 -> 2470.0022 | AJ67: =+AE67*AG67 -> 1225.6 | AK67: 2.5258505 | AL67: 2614.8999 | AM67: =IF((AH67)<2%,"I",IF((AH67)<5%,"II","III")) -> II | AN67: Perf. | AO67: =((100*W67)/J67)% -> 0.38959025 | AP67: =IF(Y67="I","Daño del 0-15%",IF(Y67="II","Daño del 15-25%",IF(Y67="III","Daño del 25-50%","Daño del 50-100%"))) -> Daño del 50-100% | AQ67: =Path&"images\sec_max_pen_T"&$K67&".png" -> D:\1. Pozos\11. Noviembre\4. DT-96\images\sec_max_pen_T66.png | AR67: =Path&"images\sec_max_res_T"&$K67&".png" -> D:\1. Pozos\11. Noviembre\4. DT-96\images\sec_max_res_T66.png | AS67: =Path&"images\"&$K67&".emf" -> D:\1. Pozos\11. Noviembre\4. DT-96\images\66.emf | AT67: =Path&"images\GraficaIntegradaT"&$K67&".png" -> D:\1. Pozos\11. Noviembre\4. DT-96\images\GraficaIntegradaT66.png
A68: =Pozo -> Well-1 | B68: =campo -> Exploratorio | C68: =Pais -> Colombia | D68: =Departamento -> State | E68: =company -> Ecopetrol | F68: Expro | G68: =Logdate -> 24/5/2022 | H68: 7 | I68: 6.366 | J68: =(H68-I68)/2 -> 0.317 | K68: 67 | L68: 2649.535 | M68: 2688.58 | N68: 39.045 | O68: 6.3125005 | P68: 2663.3999 | Q68: 0.35100007 | R68: 6.61275 | S68: 2650.5 | T68: 0.30151653 | U68: 6.513 | V68: 2650.6001 | W68: 0.24349999 | X68: 23.1861 | Y68: =IF((1-AO68)<20%,"I",IF((1-AO68)<40%,"II",IF((1-AO68)<60%,"III",IF((1-AO68)<80%,"IV","V")))) -> II | Z68: =+((J68-W68)/J68)*100 -> 23.186122 | AA68: =+((U68/O68)-1)*100 -> 3.1762299 | AB68: =+(((U68-(T68-W68))/O68)-1)*100 -> 2.2571561 | AC68: =+(100-Z68)/100 -> 0.76813878 | AD68: =IF(AB68>=0.5,(1-(0.05*(AB68-0.5))),1) -> 0.91214219 | AE68: =ROUND(AC68*AD68,2) -> 0.7 | AF68: 6340 | AG68: 3830 | AH68: =AK68/100 -> 0.027235022 | AI68: =+AC68*AF68 -> 4869.9999 | AJ68: =+AE68*AG68 -> 2681 | AK68: 2.7235022 | AL68: 2663.3999 | AM68: =IF((AH68)<2%,"I",IF((AH68)<5%,"II","III")) -> II | AO68: =((100*W68)/J68)% -> 0.76813878 | AP68: =IF(Y68="I","Daño del 0-15%",IF(Y68="II","Daño del 15-25%",IF(Y68="III","Daño del 25-50%","Daño del 50-100%"))) -> Daño del 15-25% | AQ68: =Path&"images\sec_max_pen_T"&$K68&".png" -> D:\1. Pozos\11. Noviembre\4. DT-96\images\sec_max_pen_T67.png | AR68: =Path&"images\sec_max_res_T"&$K68&".png" -> D:\1. Pozos\11. Noviembre\4. DT-96\images\sec_max_res_T67.png | AS68: =Path&"images\"&$K68&".emf" -> D:\1. Pozos\11. Noviembre\4. DT-96\images\67.emf | AT68: =Path&"images\GraficaIntegradaT"&$K68&".png" -> D:\1. Pozos\11. Noviembre\4. DT-96\images\GraficaIntegradaT67.png
A69: =Pozo -> Well-1 | B69: =campo -> Exploratorio | C69: =Pais -> Colombia | D69: =Departamento -> State | E69: =company -> Ecopetrol | F69: Expro | G69: =Logdate -> 24/5/2022 | H69: 7 | I69: 6.366 | J69: =(H69-I69)/2 -> 0.317 | K69: 68 | L69: 2690.08 | M69: 2729.897 | N69: 39.817 | O69: 6.2855005 | P69: 2696.2 | Q69: 0.36949992 | R69: 9.5077162 | S69: 2703.6001 | T69: 0.29814768 | U69: 6.9039998 | V69: 2703.6001 | W69: 0.048000097 | X69: 84.858009 | Y69: =IF((1-AO69)<20%,"I",IF((1-AO69)<40%,"II",IF((1-AO69)<60%,"III",IF((1-AO69)<80%,"IV","V")))) -> V | Z69: =+((J69-W69)/J69)*100 -> 84.858013 | AA69: =+((U69/O69)-1)*100 -> 9.8400959 | AB69: =+(((U69-(T69-W69))/O69)-1)*100 -> 5.86034 | AC69: =+(100-Z69)/100 -> 0.15141987 | AD69: =IF(AB69>=0.5,(1-(0.05*(AB69-0.5))),1) -> 0.731983 | AE69: =ROUND(AC69*AD69,2) -> 0.11 | AF69: 6340 | AG69: 3830 | AH69: =AK69/100 -> 0.034304705 | AI69: =+AC69*AF69 -> 960.00195 | AJ69: =+AE69*AG69 -> 421.3 | AK69: 3.4304705 | AL69: 2696 | AM69: =IF((AH69)<2%,"I",IF((AH69)<5%,"II","III")) -> II | AN69: Perf. | AO69: =((100*W69)/J69)% -> 0.15141987 | AP69: =IF(Y69="I","Daño del 0-15%",IF(Y69="II","Daño del 15-25%",IF(Y69="III","Daño del 25-50%","Daño del 50-100%"))) -> Daño del 50-100% | AQ69: =Path&"images\sec_max_pen_T"&$K69&".png" -> D:\1. Pozos\11. Noviembre\4. DT-96\images\sec_max_pen_T68.png | AR69: =Path&"images\sec_max_res_T"&$K69&".png" -> D:\1. Pozos\11. Noviembre\4. DT-96\images\sec_max_res_T68.png | AS69: =Path&"images\"&$K69&".emf" -> D:\1. Pozos\11. Noviembre\4. DT-96\images\68.emf | AT69: =Path&"images\GraficaIntegradaT"&$K69&".png" -> D:\1. Pozos\11. Noviembre\4. DT-96\images\GraficaIntegradaT68.png
A70: =Pozo -> Well-1 | B70: =campo -> Exploratorio | C70: =Pais -> Colombia | D70: =Departamento -> State | E70: =company -> Ecopetrol | F70: Expro | G70: =Logdate -> 24/5/2022 | H70: 7 | I70: 6.366 | J70: =(H70-I70)/2 -> 0.317 | K70: 69 | L70: 2731.397 | M70: 2771.021 | N70: 39.624 | O70: 6.3220005 | P70: 2745.6001 | Q70: 0.34249997 | R70: 6.7919478 | S70: 2763.1001 | T70: 0.29978776 | U70: 6.533 | V70: 2731.5 | W70: 0.2335 | X70: 26.340671 | Y70: =IF((1-AO70)<20%,"I",IF((1-AO70)<40%,"II",IF((1-AO70)<60%,"III",IF((1-AO70)<80%,"IV","V")))) -> II | Z70: =+((J70-W70)/J70)*100 -> 26.340693 | AA70: =+((U70/O70)-1)*100 -> 3.3375431 | AB70: =+(((U70-(T70-W70))/O70)-1)*100 -> 2.2890181 | AC70: =+(100-Z70)/100 -> 0.73659307 | AD70: =IF(AB70>=0.5,(1-(0.05*(AB70-0.5))),1) -> 0.9105491 | AE70: =ROUND(AC70*AD70,2) -> 0.67 | AF70: 6340 | AG70: 3830 | AH70: =AK70/100 -> 0.021315873 | AI70: =+AC70*AF70 -> 4670.0001 | AJ70: =+AE70*AG70 -> 2566.1 | AK70: 2.1315873 | AL70: 2770.7 | AM70: =IF((AH70)<2%,"I",IF((AH70)<5%,"II","III")) -> II | AO70: =((100*W70)/J70)% -> 0.73659307 | AP70: =IF(Y70="I","Daño del 0-15%",IF(Y70="II","Daño del 15-25%",IF(Y70="III","Daño del 25-50%","Daño del 50-100%"))) -> Daño del 15-25% | AQ70: =Path&"images\sec_max_pen_T"&$K70&".png" -> D:\1. Pozos\11. Noviembre\4. DT-96\images\sec_max_pen_T69.png | AR70: =Path&"images\sec_max_res_T"&$K70&".png" -> D:\1. Pozos\11. Noviembre\4. DT-96\images\sec_max_res_T69.png | AS70: =Path&"images\"&$K70&".emf" -> D:\1. Pozos\11. Noviembre\4. DT-96\images\69.emf | AT70: =Path&"images\GraficaIntegradaT"&$K70&".png" -> D:\1. Pozos\11. Noviembre\4. DT-96\images\GraficaIntegradaT69.png
A71: =Pozo -> Well-1 | B71: =campo -> Exploratorio | C71: =Pais -> Colombia | D71: =Departamento -> State | E71: =company -> Ecopetrol | F71: Expro | G71: =Logdate -> 24/5/2022 | H71: 7 | I71: 6.366 | J71: =(H71-I71)/2 -> 0.317 | K71: 70 | L71: 2772.521 | M71: 2811.952 | N71: 39.431 | O71: 6.2710004 | P71: 2799.8999 | Q71: 0.36750007 | R71: 8.4947014 | S71: 2799.8 | T71: 0.30191779 | U71: 6.7800002 | V71: 2807.5 | W71: 0.1099999 | X71: 65.299706 | Y71: =IF((1-AO71)<20%,"I",IF((1-AO71)<40%,"II",IF((1-AO71)<60%,"III",IF((1-AO71)<80%,"IV","V")))) -> IV | Z71: =+((J71-W71)/J71)*100 -> 65.299718 | AA71: =+((U71/O71)-1)*100 -> 8.1167244 | AB71: =+(((U71-(T71-W71))/O71)-1)*100 -> 5.0563212 | AC71: =+(100-Z71)/100 -> 0.34700282 | AD71: =IF(AB71>=0.5,(1-(0.05*(AB71-0.5))),1) -> 0.77218394 | AE71: =ROUND(AC71*AD71,2) -> 0.27 | AF71: 6340 | AG71: 3830 | AH71: =AK71/100 -> 0.039971387 | AI71: =+AC71*AF71 -> 2199.9979 | AJ71: =+AE71*AG71 -> 1034.1 | AK71: 3.9971387 | AL71: 2799.8 | AM71: =IF((AH71)<2%,"I",IF((AH71)<5%,"II","III")) -> II | AN71: Perf. | AO71: =((100*W71)/J71)% -> 0.34700282 | AP71: =IF(Y71="I","Daño del 0-15%",IF(Y71="II","Daño del 15-25%",IF(Y71="III","Daño del 25-50%","Daño del 50-100%"))) -> Daño del 50-100% | AQ71: =Path&"images\sec_max_pen_T"&$K71&".png" -> D:\1. Pozos\11. Noviembre\4. DT-96\images\sec_max_pen_T70.png | AR71: =Path&"images\sec_max_res_T"&$K71&".png" -> D:\1. Pozos\11. Noviembre\4. DT-96\images\sec_max_res_T70.png | AS71: =Path&"images\"&$K71&".emf" -> D:\1. Pozos\11. Noviembre\4. DT-96\images\70.emf | AT71: =Path&"images\GraficaIntegradaT"&$K71&".png" -> D:\1. Pozos\11. Noviembre\4. DT-96\images\GraficaIntegradaT70.png
A72: =Pozo -> Well-1 | B72: =campo -> Exploratorio | C72: =Pais -> Colombia | D72: =Departamento -> State | E72: =company -> Ecopetrol | F72: Expro | G72: =Logdate -> 24/5/2022 | H72: 7 | I72: 6.366 | J72: =(H72-I72)/2 -> 0.317 | K72: 71 | L72: 2813.452 | M72: 2851.725 | N72: 38.273 | O72: 6.2910004 | P72: 2825.6001 | Q72: 0.3599999 | R72: 8.540452 | S72: 2819.8 | T72: 0.30129957 | U72: 6.7849999 | V72: 2819.8 | W72: 0.10750008 | X72: 66.088295 | Y72: =IF((1-AO72)<20%,"I",IF((1-AO72)<40%,"II",IF((1-AO72)<60%,"III",IF((1-AO72)<80%,"IV","V")))) -> IV | Z72: =+((J72-W72)/J72)*100 -> 66.088304 | AA72: =+((U72/O72)-1)*100 -> 7.852479 | AB72: =+(((U72-(T72-W72))/O72)-1)*100 -> 4.7718958 | AC72: =+(100-Z72)/100 -> 0.33911696 | AD72: =IF(AB72>=0.5,(1-(0.05*(AB72-0.5))),1) -> 0.78640521 | AE72: =ROUND(AC72*AD72,2) -> 0.27 | AF72: 6340 | AG72: 3830 | AH72: =AK72/100 -> 0.03227371 | AI72: =+AC72*AF72 -> 2150.0015 | AJ72: =+AE72*AG72 -> 1034.1 | AK72: 3.227371 | AL72: 2825.3 | AM72: =IF((AH72)<2%,"I",IF((AH72)<5%,"II","III")) -> II | AN72: Perf. | AO72: =((100*W72)/J72)% -> 0.33911696 | AP72: =IF(Y72="I","Daño del 0-15%",IF(Y72="II","Daño del 15-25%",IF(Y72="III","Daño del 25-50%","Daño del 50-100%"))) -> Daño del 50-100% | AQ72: =Path&"images\sec_max_pen_T"&$K72&".png" -> D:\1. Pozos\11. Noviembre\4. DT-96\images\sec_max_pen_T71.png | AR72: =Path&"images\sec_max_res_T"&$K72&".png" -> D:\1. Pozos\11. Noviembre\4. DT-96\images\sec_max_res_T71.png | AS72: =Path&"images\"&$K72&".emf" -> D:\1. Pozos\11. Noviembre\4. DT-96\images\71.emf | AT72: =Path&"images\GraficaIntegradaT"&$K72&".png" -> D:\1. Pozos\11. Noviembre\4. DT-96\images\GraficaIntegradaT71.png
A73: =Pozo -> Well-1 | B73: =campo -> Exploratorio | C73: =Pais -> Colombia | D73: =Departamento -> State | E73: =company -> Ecopetrol | F73: Expro | G73: =Logdate -> 24/5/2022 | H73: 7 | I73: 6.366 | J73: =(H73-I73)/2 -> 0.317 | K73: 72 | L73: 2853.225 | M73: 2893.042 | N73: 39.817 | O73: 6.3225002 | P73: 2892 | Q73: 0.34699988 | R73: 5.9470477 | S73: 2873.6001 | T73: 0.30283523 | U73: 6.507 | V73: 2892.2 | W73: 0.24650001 | X73: 22.239721 | Y73: =IF((1-AO73)<20%,"I",IF((1-AO73)<40%,"II",IF((1-AO73)<60%,"III",IF((1-AO73)<80%,"IV","V")))) -> II | Z73: =+((J73-W73)/J73)*100 -> 22.239743 | AA73: =+((U73/O73)-1)*100 -> 2.9181452 | AB73: =+(((U73-(T73-W73))/O73)-1)*100 -> 2.0271178 | AC73: =+(100-Z73)/100 -> 0.77760257 | AD73: =IF(AB73>=0.5,(1-(0.05*(AB73-0.5))),1) -> 0.92364411 | AE73: =ROUND(AC73*AD73,2) -> 0.72 | AF73: 6340 | AG73: 3830 | AH73: =AK73/100 -> 0.02295614 | AI73: =+AC73*AF73 -> 4930.0003 | AJ73: =+AE73*AG73 -> 2757.6 | AK73: 2.295614 | AL73: 2871.2 | AM73: =IF((AH73)<2%,"I",IF((AH73)<5%,"II","III")) -> II | AO73: =((100*W73)/J73)% -> 0.77760257 | AP73: =IF(Y73="I","Daño del 0-15%",IF(Y73="II","Daño del 15-25%",IF(Y73="III","Daño del 25-50%","Daño del 50-100%"))) -> Daño del 15-25% | AQ73: =Path&"images\sec_max_pen_T"&$K73&".png" -> D:\1. Pozos\11. Noviembre\4. DT-96\images\sec_max_pen_T72.png | AR73: =Path&"images\sec_max_res_T"&$K73&".png" -> D:\1. Pozos\11. Noviembre\4. DT-96\images\sec_max_res_T72.png | AS73: =Path&"images\"&$K73&".emf" -> D:\1. Pozos\11. Noviembre\4. DT-96\images\72.emf | AT73: =Path&"images\GraficaIntegradaT"&$K73&".png" -> D:\1. Pozos\11. Noviembre\4. DT-96\images\GraficaIntegradaT72.png
A74: =Pozo -> Well-1 | B74: =campo -> Exploratorio | C74: =Pais -> Colombia | D74: =Departamento -> State | E74: =company -> Ecopetrol | F74: Expro | G74: =Logdate -> 24/5/2022 | H74: 7 | I74: 6.366 | J74: =(H74-I74)/2 -> 0.317 | K74: 73 | L74: 2894.542 | M74: 2934.746 | N74: 40.203 | O74: 6.3395004 | P74: 2899.8999 | Q74: 0.34050012 | R74: 5.5352511 | S74: 2932.6001 | T74: 0.30300784 | U74: 6.4749999 | V74: 2932.8999 | W74: 0.26250005 | X74: 17.19239 | Y74: =IF((1-AO74)<20%,"I",IF((1-AO74)<40%,"II",IF((1-AO74)<60%,"III",IF((1-AO74)<80%,"IV","V")))) -> I | Z74: =+((J74-W74)/J74)*100 -> 17.192414 | AA74: =+((U74/O74)-1)*100 -> 2.137384 | AB74: =+(((U74-(T74-W74))/O74)-1)*100 -> 1.4984095 | AC74: =+(100-Z74)/100 -> 0.82807586 | AD74: =IF(AB74>=0.5,(1-(0.05*(AB74-0.5))),1) -> 0.95007952 | AE74: =ROUND(AC74*AD74,2) -> 0.79 | AF74: 6340 | AG74: 3830 | AH74: =AK74/100 -> 0.016481824 | AI74: =+AC74*AF74 -> 5250.001 | AJ74: =+AE74*AG74 -> 3025.7 | AK74: 1.6481824 | AL74: 2900 | AM74: =IF((AH74)<2%,"I",IF((AH74)<5%,"II","III")) -> I | AO74: =((100*W74)/J74)% -> 0.82807586 | AP74: =IF(Y74="I","Daño del 0-15%",IF(Y74="II","Daño del 15-25%",IF(Y74="III","Daño del 25-50%","Daño del 50-100%"))) -> Daño del 0-15% | AQ74: =Path&"images\sec_max_pen_T"&$K74&".png" -> D:\1. Pozos\11. Noviembre\4. DT-96\images\sec_max_pen_T73.png | AR74: =Path&"images\sec_max_res_T"&$K74&".png" -> D:\1. Pozos\11. Noviembre\4. DT-96\images\sec_max_res_T73.png | AS74: =Path&"images\"&$K74&".emf" -> D:\1. Pozos\11. Noviembre\4. DT-96\images\73.emf | AT74: =Path&"images\GraficaIntegradaT"&$K74&".png" -> D:\1. Pozos\11. Noviembre\4. DT-96\images\GraficaIntegradaT73.png
A75: =Pozo -> Well-1 | B75: =campo -> Exploratorio | C75: =Pais -> Colombia | D75: =Departamento -> State | E75: =company -> Ecopetrol | F75: Expro | G75: =Logdate -> 24/5/2022 | H75: 7 | I75: 6.366 | J75: =(H75-I75)/2 -> 0.317 | K75: 74 | L75: 2936.246 | M75: 2975.677 | N75: 39.431 | O75: 6.3235002 | P75: 2944.5 | Q75: 0.34800005 | R75: 6.1704083 | S75: 2944.7 | T75: 0.30123806 | U75: 6.494 | V75: 2944.6001 | W75: 0.25300002 | X75: 20.189245 | Y75: =IF((1-AO75)<20%,"I",IF((1-AO75)<40%,"II",IF((1-AO75)<60%,"III",IF((1-AO75)<80%,"IV","V")))) -> II | Z75: =+((J75-W75)/J75)*100 -> 20.189268 | AA75: =+((U75/O75)-1)*100 -> 2.6962884 | AB75: =+(((U75-(T75-W75))/O75)-1)*100 -> 1.9334507 | AC75: =+(100-Z75)/100 -> 0.79810732 | AD75: =IF(AB75>=0.5,(1-(0.05*(AB75-0.5))),1) -> 0.92832746 | AE75: =ROUND(AC75*AD75,2) -> 0.74 | AF75: 6340 | AG75: 3830 | AH75: =AK75/100 -> 0.022687945 | AI75: =+AC75*AF75 -> 5060.0004 | AJ75: =+AE75*AG75 -> 2834.2 | AK75: 2.2687945 | AL75: 2944.6001 | AM75: =IF((AH75)<2%,"I",IF((AH75)<5%,"II","III")) -> II | AO75: =((100*W75)/J75)% -> 0.79810732 | AP75: =IF(Y75="I","Daño del 0-15%",IF(Y75="II","Daño del 15-25%",IF(Y75="III","Daño del 25-50%","Daño del 50-100%"))) -> Daño del 15-25% | AQ75: =Path&"images\sec_max_pen_T"&$K75&".png" -> D:\1. Pozos\11. Noviembre\4. DT-96\images\sec_max_pen_T74.png | AR75: =Path&"images\sec_max_res_T"&$K75&".png" -> D:\1. Pozos\11. Noviembre\4. DT-96\images\sec_max_res_T74.png | AS75: =Path&"images\"&$K75&".emf" -> D:\1. Pozos\11. Noviembre\4. DT-96\images\74.emf | AT75: =Path&"images\GraficaIntegradaT"&$K75&".png" -> D:\1. Pozos\11. Noviembre\4. DT-96\images\GraficaIntegradaT74.png
A76: =Pozo -> Well-1 | B76: =campo -> Exploratorio | C76: =Pais -> Colombia | D76: =Departamento -> State | E76: =company -> Ecopetrol | F76: Expro | G76: =Logdate -> 24/5/2022 | H76: 7 | I76: 6.366 | J76: =(H76-I76)/2 -> 0.317 | K76: 75 | L76: 2977.177 | M76: 3015.642 | N76: 38.466 | O76: 6.2960005 | P76: 2980.3999 | Q76: 0.3605001 | R76: 9.5056086 | S76: 2977.2 | T76: 0.30306888 | U76: 6.5310001 | V76: 2980.5 | W76: 0.23449993 | X76: 26.025238 | Y76: =IF((1-AO76)<20%,"I",IF((1-AO76)<40%,"II",IF((1-AO76)<60%,"III",IF((1-AO76)<80%,"IV","V")))) -> II | Z76: =+((J76-W76)/J76)*100 -> 26.025258 | AA76: =+((U76/O76)-1)*100 -> 3.7325229 | AB76: =+(((U76-(T76-W76))/O76)-1)*100 -> 2.6434356 | AC76: =+(100-Z76)/100 -> 0.73974742 | AD76: =IF(AB76>=0.5,(1-(0.05*(AB76-0.5))),1) -> 0.89282822 | AE76: =ROUND(AC76*AD76,2) -> 0.66 | AF76: 6340 | AG76: 3830 | AH76: =AK76/100 -> 0.029581695 | AI76: =+AC76*AF76 -> 4689.9986 | AJ76: =+AE76*AG76 -> 2527.8 | AK76: 2.9581695 | AL76: 2979.2 | AM76: =IF((AH76)<2%,"I",IF((AH76)<5%,"II","III")) -> II | AO76: =((100*W76)/J76)% -> 0.73974742 | AP76: =IF(Y76="I","Daño del 0-15%",IF(Y76="II","Daño del 15-25%",IF(Y76="III","Daño del 25-50%","Daño del 50-100%"))) -> Daño del 15-25% | AQ76: =Path&"images\sec_max_pen_T"&$K76&".png" -> D:\1. Pozos\11. Noviembre\4. DT-96\images\sec_max_pen_T75.png | AR76: =Path&"images\sec_max_res_T"&$K76&".png" -> D:\1. Pozos\11. Noviembre\4. DT-96\images\sec_max_res_T75.png | AS76: =Path&"images\"&$K76&".emf" -> D:\1. Pozos\11. Noviembre\4. DT-96\images\75.emf | AT76: =Path&"images\GraficaIntegradaT"&$K76&".png" -> D:\1. Pozos\11. Noviembre\4. DT-96\images\GraficaIntegradaT75.png
A77: =Pozo -> Well-1 | B77: =campo -> Exploratorio | C77: =Pais -> Colombia | D77: =Departamento -> State | E77: =company -> Ecopetrol | F77: Expro | G77: =Logdate -> 24/5/2022 | H77: 7 | I77: 6.366 | J77: =(H77-I77)/2 -> 0.317 | K77: 76 | L77: 3017.142 | M77: 3057.539 | N77: 40.396 | O77: 6.3160005 | P77: 3052.8999 | Q77: 0.35599995 | R77: 10.208563 | S77: 3017.3999 | T77: 0.30093074 | U77: 6.4889998 | V77: 3052.8 | W77: 0.25550008 | X77: 19.400583 | Y77: =IF((1-AO77)<20%,"I",IF((1-AO77)<40%,"II",IF((1-AO77)<60%,"III",IF((1-AO77)<80%,"IV","V")))) -> I | Z77: =+((J77-W77)/J77)*100 -> 19.400606 | AA77: =+((U77/O77)-1)*100 -> 2.7390653 | AB77: =+(((U77-(T77-W77))/O77)-1)*100 -> 2.0197706 | AC77: =+(100-Z77)/100 -> 0.80599394 | AD77: =IF(AB77>=0.5,(1-(0.05*(AB77-0.5))),1) -> 0.92401147 | AE77: =ROUND(AC77*AD77,2) -> 0.74 | AF77: 6340 | AG77: 3830 | AH77: =AK77/100 -> 0.024116597 | AI77: =+AC77*AF77 -> 5110.0016 | AJ77: =+AE77*AG77 -> 2834.2 | AK77: 2.4116597 | AL77: 3052.8999 | AM77: =IF((AH77)<2%,"I",IF((AH77)<5%,"II","III")) -> II | AO77: =((100*W77)/J77)% -> 0.80599394 | AP77: =IF(Y77="I","Daño del 0-15%",IF(Y77="II","Daño del 15-25%",IF(Y77="III","Daño del 25-50%","Daño del 50-100%"))) -> Daño del 0-15% | AQ77: =Path&"images\sec_max_pen_T"&$K77&".png" -> D:\1. Pozos\11. Noviembre\4. DT-96\images\sec_max_pen_T76.png | AR77: =Path&"images\sec_max_res_T"&$K77&".png" -> D:\1. Pozos\11. Noviembre\4. DT-96\images\sec_max_res_T76.png | AS77: =Path&"images\"&$K77&".emf" -> D:\1. Pozos\11. Noviembre\4. DT-96\images\76.emf | AT77: =Path&"images\GraficaIntegradaT"&$K77&".png" -> D:\1. Pozos\11. Noviembre\4. DT-96\images\GraficaIntegradaT76.png
A78: =Pozo -> Well-1 | B78: =campo -> Exploratorio | C78: =Pais -> Colombia | D78: =Departamento -> State | E78: =company -> Ecopetrol | F78: Expro | G78: =Logdate -> 24/5/2022 | H78: 7 | I78: 6.366 | J78: =(H78-I78)/2 -> 0.317 | K78: 77 | L78: 3059.039 | M78: 3098.47 | N78: 39.431 | O78: 6.0930004 | P78: 3083.8 | Q78: 0.58299994 | R78: 13.35082 | S78: 3059.2 | T78: 0.30233431 | U78: 6.7529998 | V78: 3087.7 | W78: 0.12350011 | X78: 61.040962 | Y78: =IF((1-AO78)<20%,"I",IF((1-AO78)<40%,"II",IF((1-AO78)<60%,"III",IF((1-AO78)<80%,"IV","V")))) -> IV | Z78: =+((J78-W78)/J78)*100 -> 61.040975 | AA78: =+((U78/O78)-1)*100 -> 10.832091 | AB78: =+(((U78-(T78-W78))/O78)-1)*100 -> 7.8970152 | AC78: =+(100-Z78)/100 -> 0.38959025 | AD78: =IF(AB78>=0.5,(1-(0.05*(AB78-0.5))),1) -> 0.63014924 | AE78: =ROUND(AC78*AD78,2) -> 0.25 | AF78: 6340 | AG78: 3830 | AH78: =AK78/100 -> 0.038300905 | AI78: =+AC78*AF78 -> 2470.0022 | AJ78: =+AE78*AG78 -> 957.5 | AK78: 3.8300905 | AL78: 3084.2 | AM78: =IF((AH78)<2%,"I",IF((AH78)<5%,"II","III")) -> II | AN78: Perf. | AO78: =((100*W78)/J78)% -> 0.38959025 | AP78: =IF(Y78="I","Daño del 0-15%",IF(Y78="II","Daño del 15-25%",IF(Y78="III","Daño del 25-50%","Daño del 50-100%"))) -> Daño del 50-100% | AQ78: =Path&"images\sec_max_pen_T"&$K78&".png" -> D:\1. Pozos\11. Noviembre\4. DT-96\images\sec_max_pen_T77.png | AR78: =Path&"images\sec_max_res_T"&$K78&".png" -> D:\1. Pozos\11. Noviembre\4. DT-96\images\sec_max_res_T77.png | AS78: =Path&"images\"&$K78&".emf" -> D:\1. Pozos\11. Noviembre\4. DT-96\images\77.emf | AT78: =Path&"images\GraficaIntegradaT"&$K78&".png" -> D:\1. Pozos\11. Noviembre\4. DT-96\images\GraficaIntegradaT77.png
A79: =Pozo -> Well-1 | B79: =campo -> Exploratorio | C79: =Pais -> Colombia | D79: =Departamento -> State | E79: =company -> Ecopetrol | F79: Expro | G79: =Logdate -> 24/5/2022 | H79: 7 | I79: 6.366 | J79: =(H79-I79)/2 -> 0.317 | K79: 78 | L79: 3099.97 | M79: 3140.752 | N79: 40.782 | O79: 6.2965002 | P79: 3132.5 | Q79: 0.35899997 | R79: 7.1162911 | S79: 3132.6001 | T79: 0.30305481 | U79: 6.506 | V79: 3132.5 | W79: 0.24699998 | X79: 22.082005 | Y79: =IF((1-AO79)<20%,"I",IF((1-AO79)<40%,"II",IF((1-AO79)<60%,"III",IF((1-AO79)<80%,"IV","V")))) -> II | Z79: =+((J79-W79)/J79)*100 -> 22.082026 | AA79: =+((U79/O79)-1)*100 -> 3.3272425 | AB79: =+(((U79-(T79-W79))/O79)-1)*100 -> 2.4369887 | AC79: =+(100-Z79)/100 -> 0.77917974 | AD79: =IF(AB79>=0.5,(1-(0.05*(AB79-0.5))),1) -> 0.90315056 | AE79: =ROUND(AC79*AD79,2) -> 0.7 | AF79: 6340 | AG79: 3830 | AH79: =AK79/100 -> 0.029783003 | AI79: =+AC79*AF79 -> 4939.9996 | AJ79: =+AE79*AG79 -> 2681 | AK79: 2.9783003 | AL79: 3132.6001 | AM79: =IF((AH79)<2%,"I",IF((AH79)<5%,"II","III")) -> II | AO79: =((100*W79)/J79)% -> 0.77917974 | AP79: =IF(Y79="I","Daño del 0-15%",IF(Y79="II","Daño del 15-25%",IF(Y79="III","Daño del 25-50%","Daño del 50-100%"))) -> Daño del 15-25% | AQ79: =Path&"images\sec_max_pen_T"&$K79&".png" -> D:\1. Pozos\11. Noviembre\4. DT-96\images\sec_max_pen_T78.png | AR79: =Path&"images\sec_max_res_T"&$K79&".png" -> D:\1. Pozos\11. Noviembre\4. DT-96\images\sec_max_res_T78.png | AS79: =Path&"images\"&$K79&".emf" -> D:\1. Pozos\11. Noviembre\4. DT-96\images\78.emf | AT79: =Path&"images\GraficaIntegradaT"&$K79&".png" -> D:\1. Pozos\11. Noviembre\4. DT-96\images\GraficaIntegradaT78.png
A80: =Pozo -> Well-1 | B80: =campo -> Exploratorio | C80: =Pais -> Colombia | D80: =Departamento -> State | E80: =company -> Ecopetrol | F80: Expro | G80: =Logdate -> 24/5/2022 | H80: 7 | I80: 6.366 | J80: =(H80-I80)/2 -> 0.317 | K80: 79 | L80: 3142.252 | M80: 3180.139 | N80: 37.886 | O80: 6.2690005 | P80: 3143.8 | Q80: 0.37899995 | R80: 8.6414003 | S80: 3144.1001 | T80: 0.30101323 | U80: 6.546 | V80: 3144.1001 | W80: 0.227 | X80: 28.391148 | Y80: =IF((1-AO80)<20%,"I",IF((1-AO80)<40%,"II",IF((1-AO80)<60%,"III",IF((1-AO80)<80%,"IV","V")))) -> II | Z80: =+((J80-W80)/J80)*100 -> 28.391168 | AA80: =+((U80/O80)-1)*100 -> 4.4185587 | AB80: =+(((U80-(T80-W80))/O80)-1)*100 -> 3.2379362 | AC80: =+(100-Z80)/100 -> 0.71608832 | AD80: =IF(AB80>=0.5,(1-(0.05*(AB80-0.5))),1) -> 0.86310319 | AE80: =ROUND(AC80*AD80,2) -> 0.62 | AF80: 6340 | AG80: 3830 | AH80: =AK80/100 -> 0.041113634 | AI80: =+AC80*AF80 -> 4540 | AJ80: =+AE80*AG80 -> 2374.6 | AK80: 4.1113634 | AL80: 3144.1001 | AM80: =IF((AH80)<2%,"I",IF((AH80)<5%,"II","III")) -> II | AO80: =((100*W80)/J80)% -> 0.71608832 | AP80: =IF(Y80="I","Daño del 0-15%",IF(Y80="II","Daño del 15-25%",IF(Y80="III","Daño del 25-50%","Daño del 50-100%"))) -> Daño del 15-25% | AQ80: =Path&"images\sec_max_pen_T"&$K80&".png" -> D:\1. Pozos\11. Noviembre\4. DT-96\images\sec_max_pen_T79.png | AR80: =Path&"images\sec_max_res_T"&$K80&".png" -> D:\1. Pozos\11. Noviembre\4. DT-96\images\sec_max_res_T79.png | AS80: =Path&"images\"&$K80&".emf" -> D:\1. Pozos\11. Noviembre\4. DT-96\images\79.emf | AT80: =Path&"images\GraficaIntegradaT"&$K80&".png" -> D:\1. Pozos\11. Noviembre\4. DT-96\images\GraficaIntegradaT79.png
A81: =Pozo -> Well-1 | B81: =campo -> Exploratorio | C81: =Pais -> Colombia | D81: =Departamento -> State | E81: =company -> Ecopetrol | F81: Expro | G81: =Logdate -> 24/5/2022 | H81: 7 | I81: 6.366 | J81: =(H81-I81)/2 -> 0.317 | K81: 80 | L81: 3181.639 | M81: 3220.298 | N81: 38.659 | O81: 6.3420005 | P81: 3208.2 | Q81: 0.33850002 | R81: 12.878785 | S81: 3181.6001 | T81: 0.30218029 | U81: 6.4949999 | V81: 3218.3999 | W81: 0.25250006 | X81: 20.346964 | Y81: =IF((1-AO81)<20%,"I",IF((1-AO81)<40%,"II",IF((1-AO81)<60%,"III",IF((1-AO81)<80%,"IV","V")))) -> II | Z81: =+((J81-W81)/J81)*100 -> 20.346985 | AA81: =+((U81/O81)-1)*100 -> 2.4124787 | AB81: =+(((U81-(T81-W81))/O81)-1)*100 -> 1.629126 | AC81: =+(100-Z81)/100 -> 0.79653015 | AD81: =IF(AB81>=0.5,(1-(0.05*(AB81-0.5))),1) -> 0.9435437 | AE81: =ROUND(AC81*AD81,2) -> 0.75 | AF81: 6340 | AG81: 3830 | AH81: =AK81/100 -> 0.016355053 | AI81: =+AC81*AF81 -> 5050.0011 | AJ81: =+AE81*AG81 -> 2872.5 | AK81: 1.6355053 | AL81: 3200 | AM81: =IF((AH81)<2%,"I",IF((AH81)<5%,"II","III")) -> I | AO81: =((100*W81)/J81)% -> 0.79653015 | AP81: =IF(Y81="I","Daño del 0-15%",IF(Y81="II","Daño del 15-25%",IF(Y81="III","Daño del 25-50%","Daño del 50-100%"))) -> Daño del 15-25% | AQ81: =Path&"images\sec_max_pen_T"&$K81&".png" -> D:\1. Pozos\11. Noviembre\4. DT-96\images\sec_max_pen_T80.png | AR81: =Path&"images\sec_max_res_T"&$K81&".png" -> D:\1. Pozos\11. Noviembre\4. DT-96\images\sec_max_res_T80.png | AS81: =Path&"images\"&$K81&".emf" -> D:\1. Pozos\11. Noviembre\4. DT-96\images\80.emf | AT81: =Path&"images\GraficaIntegradaT"&$K81&".png" -> D:\1. Pozos\11. Noviembre\4. DT-96\images\GraficaIntegradaT80.png
A82: =Pozo -> Well-1 | B82: =campo -> Exploratorio | C82: =Pais -> Colombia | D82: =Departamento -> State | E82: =company -> Ecopetrol | F82: Expro | G82: =Logdate -> 24/5/2022 | H82: 7 | I82: 6.366 | J82: =(H82-I82)/2 -> 0.317 | K82: 81 | L82: 3221.798 | M82: 3262.966 | N82: 41.169 | O82: 6.2515001 | P82: 3239.3999 | Q82: 0.39599991 | R82: 11.823057 | S82: 3221.8 | T82: 0.29804563 | U82: 6.6750002 | V82: 3234.2 | W82: 0.16249991 | X82: 48.738186 | Y82: =IF((1-AO82)<20%,"I",IF((1-AO82)<40%,"II",IF((1-AO82)<60%,"III",IF((1-AO82)<80%,"IV","V")))) -> III | Z82: =+((J82-W82)/J82)*100 -> 48.7382 | AA82: =+((U82/O82)-1)*100 -> 6.774375 | AB82: =+(((U82-(T82-W82))/O82)-1)*100 -> 4.6061637 | AC82: =+(100-Z82)/100 -> 0.512618 | AD82: =IF(AB82>=0.5,(1-(0.05*(AB82-0.5))),1) -> 0.79469181 | AE82: =ROUND(AC82*AD82,2) -> 0.41 | AF82: 6340 | AG82: 3830 | AH82: =AK82/100 -> 0.042701435 | AI82: =+AC82*AF82 -> 3249.9981 | AJ82: =+AE82*AG82 -> 1570.3 | AK82: 4.2701435 | AL82: 3241.5 | AM82: =IF((AH82)<2%,"I",IF((AH82)<5%,"II","III")) -> II | AN82: Perf. | AO82: =((100*W82)/J82)% -> 0.512618 | AP82: =IF(Y82="I","Daño del 0-15%",IF(Y82="II","Daño del 15-25%",IF(Y82="III","Daño del 25-50%","Daño del 50-100%"))) -> Daño del 25-50% | AQ82: =Path&"images\sec_max_pen_T"&$K82&".png" -> D:\1. Pozos\11. Noviembre\4. DT-96\images\sec_max_pen_T81.png | AR82: =Path&"images\sec_max_res_T"&$K82&".png" -> D:\1. Pozos\11. Noviembre\4. DT-96\images\sec_max_res_T81.png | AS82: =Path&"images\"&$K82&".emf" -> D:\1. Pozos\11. Noviembre\4. DT-96\images\81.emf | AT82: =Path&"images\GraficaIntegradaT"&$K82&".png" -> D:\1. Pozos\11. Noviembre\4. DT-96\images\GraficaIntegradaT81.png
A83: =Pozo -> Well-1 | B83: =campo -> Exploratorio | C83: =Pais -> Colombia | D83: =Departamento -> State | E83: =company -> Ecopetrol | F83: Expro | G83: =Logdate -> 24/5/2022 | H83: 7 | I83: 6.366 | J83: =(H83-I83)/2 -> 0.317 | K83: 82 | L83: 3264.466 | M83: 3302.353 | N83: 37.886 | O83: 6.3195004 | P83: 3301.5 | Q83: 0.34800005 | R83: 6.0028729 | S83: 3301.5 | T83: 0.30236936 | U83: 6.487 | V83: 3301.3999 | W83: 0.25650001 | X83: 19.08515 | Y83: =IF((1-AO83)<20%,"I",IF((1-AO83)<40%,"II",IF((1-AO83)<60%,"III",IF((1-AO83)<80%,"IV","V")))) -> I | Z83: =+((J83-W83)/J83)*100 -> 19.085172 | AA83: =+((U83/O83)-1)*100 -> 2.6505187 | AB83: =+(((U83-(T83-W83))/O83)-1)*100 -> 1.9246805 | AC83: =+(100-Z83)/100 -> 0.80914828 | AD83: =IF(AB83>=0.5,(1-(0.05*(AB83-0.5))),1) -> 0.92876598 | AE83: =ROUND(AC83*AD83,2) -> 0.75 | AF83: 6340 | AG83: 3830 | AH83: =AK83/100 -> 0.022592094 | AI83: =+AC83*AF83 -> 5130.0001 | AJ83: =+AE83*AG83 -> 2872.5 | AK83: 2.2592094 | AL83: 3301.5 | AM83: =IF((AH83)<2%,"I",IF((AH83)<5%,"II","III")) -> II | AO83: =((100*W83)/J83)% -> 0.80914828 | AP83: =IF(Y83="I","Daño del 0-15%",IF(Y83="II","Daño del 15-25%",IF(Y83="III","Daño del 25-50%","Daño del 50-100%"))) -> Daño del 0-15% | AQ83: =Path&"images\sec_max_pen_T"&$K83&".png" -> D:\1. Pozos\11. Noviembre\4. DT-96\images\sec_max_pen_T82.png | AR83: =Path&"images\sec_max_res_T"&$K83&".png" -> D:\1. Pozos\11. Noviembre\4. DT-96\images\sec_max_res_T82.png | AS83: =Path&"images\"&$K83&".emf" -> D:\1. Pozos\11. Noviembre\4. DT-96\images\82.emf | AT83: =Path&"images\GraficaIntegradaT"&$K83&".png" -> D:\1. Pozos\11. Noviembre\4. DT-96\images\GraficaIntegradaT82.png
A84: =Pozo -> Well-1 | B84: =campo -> Exploratorio | C84: =Pais -> Colombia | D84: =Departamento -> State | E84: =company -> Ecopetrol | F84: Expro | G84: =Logdate -> 24/5/2022 | H84: 7 | I84: 6.366 | J84: =(H84-I84)/2 -> 0.317 | K84: 83 | L84: 3303.853 | M84: 3345.794 | N84: 41.941 | O84: 6.2635002 | P84: 3310 | Q84: 0.37700009 | R84: 12.216516 | S84: 3345.7 | T84: 0.30272818 | U84: 6.5149999 | V84: 3310.1001 | W84: 0.24250007 | X84: 23.501535 | Y84: =IF((1-AO84)<20%,"I",IF((1-AO84)<40%,"II",IF((1-AO84)<60%,"III",IF((1-AO84)<80%,"IV","V")))) -> II | Z84: =+((J84-W84)/J84)*100 -> 23.501556 | AA84: =+((U84/O84)-1)*100 -> 4.0153213 | AB84: =+(((U84-(T84-W84))/O84)-1)*100 -> 3.0537486 | AC84: =+(100-Z84)/100 -> 0.76498444 | AD84: =IF(AB84>=0.5,(1-(0.05*(AB84-0.5))),1) -> 0.87231257 | AE84: =ROUND(AC84*AD84,2) -> 0.67 | AF84: 6340 | AG84: 3830 | AH84: =AK84/100 -> 0.036079607 | AI84: =+AC84*AF84 -> 4850.0013 | AJ84: =+AE84*AG84 -> 2566.1 | AK84: 3.6079607 | AL84: 3310 | AM84: =IF((AH84)<2%,"I",IF((AH84)<5%,"II","III")) -> II | AO84: =((100*W84)/J84)% -> 0.76498444 | AP84: =IF(Y84="I","Daño del 0-15%",IF(Y84="II","Daño del 15-25%",IF(Y84="III","Daño del 25-50%","Daño del 50-100%"))) -> Daño del 15-25% | AQ84: =Path&"images\sec_max_pen_T"&$K84&".png" -> D:\1. Pozos\11. Noviembre\4. DT-96\images\sec_max_pen_T83.png | AR84: =Path&"images\sec_max_res_T"&$K84&".png" -> D:\1. Pozos\11. Noviembre\4. DT-96\images\sec_max_res_T83.png | AS84: =Path&"images\"&$K84&".emf" -> D:\1. Pozos\11. Noviembre\4. DT-96\images\83.emf | AT84: =Path&"images\GraficaIntegradaT"&$K84&".png" -> D:\1. Pozos\11. Noviembre\4. DT-96\images\GraficaIntegradaT83.png
A85: =Pozo -> Well-1 | B85: =campo -> Exploratorio | C85: =Pais -> Colombia | D85: =Departamento -> State | E85: =company -> Ecopetrol | F85: Expro | G85: =Logdate -> 24/5/2022 | H85: 7 | I85: 6.366 | J85: =(H85-I85)/2 -> 0.317 | K85: 84 | L85: 3347.294 | M85: 3387.69 | N85: 40.396 | O85: 6.3130002 | P85: 3383.6001 | Q85: 0.35750008 | R85: 6.6681271 | S85: 3352.5 | T85: 0.30188942 | U85: 6.5159998 | V85: 3352.2 | W85: 0.2420001 | X85: 23.659252 | Y85: =IF((1-AO85)<20%,"I",IF((1-AO85)<40%,"II",IF((1-AO85)<60%,"III",IF((1-AO85)<80%,"IV","V")))) -> II | Z85: =+((J85-W85)/J85)*100 -> 23.659274 | AA85: =+((U85/O85)-1)*100 -> 3.2155803 | AB85: =+(((U85-(T85-W85))/O85)-1)*100 -> 2.2669138 | AC85: =+(100-Z85)/100 -> 0.76340726 | AD85: =IF(AB85>=0.5,(1-(0.05*(AB85-0.5))),1) -> 0.91165431 | AE85: =ROUND(AC85*AD85,2) -> 0.7 | AF85: 6340 | AG85: 3830 | AH85: =AK85/100 -> 0.025943604 | AI85: =+AC85*AF85 -> 4840.0021 | AJ85: =+AE85*AG85 -> 2681 | AK85: 2.5943604 | AL85: 3352.5 | AM85: =IF((AH85)<2%,"I",IF((AH85)<5%,"II","III")) -> II | AO85: =((100*W85)/J85)% -> 0.76340726 | AP85: =IF(Y85="I","Daño del 0-15%",IF(Y85="II","Daño del 15-25%",IF(Y85="III","Daño del 25-50%","Daño del 50-100%"))) -> Daño del 15-25% | AQ85: =Path&"images\sec_max_pen_T"&$K85&".png" -> D:\1. Pozos\11. Noviembre\4. DT-96\images\sec_max_pen_T84.png | AR85: =Path&"images\sec_max_res_T"&$K85&".png" -> D:\1. Pozos\11. Noviembre\4. DT-96\images\sec_max_res_T84.png | AS85: =Path&"images\"&$K85&".emf" -> D:\1. Pozos\11. Noviembre\4. DT-96\images\84.emf | AT85: =Path&"images\GraficaIntegradaT"&$K85&".png" -> D:\1. Pozos\11. Noviembre\4. DT-96\images\GraficaIntegradaT84.png
A86: =Pozo -> Well-1 | B86: =campo -> Exploratorio | C86: =Pais -> Colombia | D86: =Departamento -> State | E86: =company -> Ecopetrol | F86: Expro | G86: =Logdate -> 24/5/2022 | H86: 7 | I86: 6.366 | J86: =(H86-I86)/2 -> 0.317 | K86: 85 | L86: 3389.19 | M86: 3427.077 | N86: 37.886 | O86: 6.3375001 | P86: 3389.2 | Q86: 0.34200001 | R86: 5.8198891 | S86: 3397.2 | T86: 0.30078769 | U86: 6.4749999 | V86: 3399.3 | W86: 0.26250005 | X86: 17.19239 | Y86: =IF((1-AO86)<20%,"I",IF((1-AO86)<40%,"II",IF((1-AO86)<60%,"III",IF((1-AO86)<80%,"IV","V")))) -> I | Z86: =+((J86-W86)/J86)*100 -> 17.192414 | AA86: =+((U86/O86)-1)*100 -> 2.1696221 | AB86: =+(((U86-(T86-W86))/O86)-1)*100 -> 1.5654779 | AC86: =+(100-Z86)/100 -> 0.82807586 | AD86: =IF(AB86>=0.5,(1-(0.05*(AB86-0.5))),1) -> 0.94672611 | AE86: =ROUND(AC86*AD86,2) -> 0.78 | AF86: 6340 | AG86: 3830 | AH86: =AK86/100 -> 0.017165256 | AI86: =+AC86*AF86 -> 5250.001 | AJ86: =+AE86*AG86 -> 2987.4 | AK86: 1.7165256 | AL86: 3401.2 | AM86: =IF((AH86)<2%,"I",IF((AH86)<5%,"II","III")) -> I | AO86: =((100*W86)/J86)% -> 0.82807586 | AP86: =IF(Y86="I","Daño del 0-15%",IF(Y86="II","Daño del 15-25%",IF(Y86="III","Daño del 25-50%","Daño del 50-100%"))) -> Daño del 0-15% | AQ86: =Path&"images\sec_max_pen_T"&$K86&".png" -> D:\1. Pozos\11. Noviembre\4. DT-96\images\sec_max_pen_T85.png | AR86: =Path&"images\sec_max_res_T"&$K86&".png" -> D:\1. Pozos\11. Noviembre\4. DT-96\images\sec_max_res_T85.png | AS86: =Path&"images\"&$K86&".emf" -> D:\1. Pozos\11. Noviembre\4. DT-96\images\85.emf | AT86: =Path&"images\GraficaIntegradaT"&$K86&".png" -> D:\1. Pozos\11. Noviembre\4. DT-96\images\GraficaIntegradaT85.png
A87: =Pozo -> Well-1 | B87: =campo -> Exploratorio | C87: =Pais -> Colombia | D87: =Departamento -> State | E87: =company -> Ecopetrol | F87: Expro | G87: =Logdate -> 24/5/2022 | H87: 7 | I87: 6.366 | J87: =(H87-I87)/2 -> 0.317 | K87: 86 | L87: 3428.577 | M87: 3467.792 | N87: 39.216 | O87: 6.2380004 | P87: 3464.5 | Q87: 0.38649988 | R87: 12.94297 | S87: 3464.6001 | T87: 0.30079746 | U87: 6.8769999 | V87: 3464.6001 | W87: 0.061500073 | X87: 80.599342 | Y87: =IF((1-AO87)<20%,"I",IF((1-AO87)<40%,"II",IF((1-AO87)<60%,"III",IF((1-AO87)<80%,"IV","V")))) -> V | Z87: =+((J87-W87)/J87)*100 -> 80.599346 | AA87: =+((U87/O87)-1)*100 -> 10.243659 | AB87: =+(((U87-(T87-W87))/O87)-1)*100 -> 6.4075354 | AC87: =+(100-Z87)/100 -> 0.19400654 | AD87: =IF(AB87>=0.5,(1-(0.05*(AB87-0.5))),1) -> 0.70462323 | AE87: =ROUND(AC87*AD87,2) -> 0.14 | AF87: 6340 | AG87: 3830 | AH87: =AK87/100 -> 0.057002158 | AI87: =+AC87*AF87 -> 1230.0014 | AJ87: =+AE87*AG87 -> 536.2 | AK87: 5.7002158 | AL87: 3464.6001 | AM87: =IF((AH87)<2%,"I",IF((AH87)<5%,"II","III")) -> III | AN87: Perf. | AO87: =((100*W87)/J87)% -> 0.19400654 | AP87: =IF(Y87="I","Daño del 0-15%",IF(Y87="II","Daño del 15-25%",IF(Y87="III","Daño del 25-50%","Daño del 50-100%"))) -> Daño del 50-100% | AQ87: =Path&"images\sec_max_pen_T"&$K87&".png" -> D:\1. Pozos\11. Noviembre\4. DT-96\images\sec_max_pen_T86.png | AR87: =Path&"images\sec_max_res_T"&$K87&".png" -> D:\1. Pozos\11. Noviembre\4. DT-96\images\sec_max_res_T86.png | AS87: =Path&"images\"&$K87&".emf" -> D:\1. Pozos\11. Noviembre\4. DT-96\images\86.emf | AT87: =Path&"images\GraficaIntegradaT"&$K87&".png" -> D:\1. Pozos\11. Noviembre\4. DT-96\images\GraficaIntegradaT86.png
A88: =Pozo -> Well-1 | B88: =campo -> Exploratorio | C88: =Pais -> Colombia | D88: =Departamento -> State | E88: =company -> Ecopetrol | F88: Expro | G88: =Logdate -> 24/5/2022 | H88: 7 | I88: 6.366 | J88: =(H88-I88)/2 -> 0.317 | K88: 87 | L88: 3469.894 | M88: 3508.166 | N88: 38.273 | O88: 6.2975001 | P88: 3471.8999 | Q88: 0.36249995 | R88: 7.6690044 | S88: 3469.8999 | T88: 0.29999256 | U88: 6.7750001 | V88: 3469.8999 | W88: 0.11249995 | X88: 64.511047 | Y88: =IF((1-AO88)<20%,"I",IF((1-AO88)<40%,"II",IF((1-AO88)<60%,"III",IF((1-AO88)<80%,"IV","V")))) -> IV | Z88: =+((J88-W88)/J88)*100 -> 64.511056 | AA88: =+((U88/O88)-1)*100 -> 7.5823733 | AB88: =+(((U88-(T88-W88))/O88)-1)*100 -> 4.6051188 | AC88: =+(100-Z88)/100 -> 0.35488944 | AD88: =IF(AB88>=0.5,(1-(0.05*(AB88-0.5))),1) -> 0.79474406 | AE88: =ROUND(AC88*AD88,2) -> 0.28 | AF88: 6340 | AG88: 3830 | AH88: =AK88/100 -> 0.026383169 | AI88: =+AC88*AF88 -> 2249.999 | AJ88: =+AE88*AG88 -> 1072.4 | AK88: 2.6383169 | AL88: 3474.6001 | AM88: =IF((AH88)<2%,"I",IF((AH88)<5%,"II","III")) -> II | AN88: Perf. | AO88: =((100*W88)/J88)% -> 0.35488944 | AP88: =IF(Y88="I","Daño del 0-15%",IF(Y88="II","Daño del 15-25%",IF(Y88="III","Daño del 25-50%","Daño del 50-100%"))) -> Daño del 50-100% | AQ88: =Path&"images\sec_max_pen_T"&$K88&".png" -> D:\1. Pozos\11. Noviembre\4. DT-96\images\sec_max_pen_T87.png | AR88: =Path&"images\sec_max_res_T"&$K88&".png" -> D:\1. Pozos\11. Noviembre\4. DT-96\images\sec_max_res_T87.png | AS88: =Path&"images\"&$K88&".emf" -> D:\1. Pozos\11. Noviembre\4. DT-96\images\87.emf | AT88: =Path&"images\GraficaIntegradaT"&$K88&".png" -> D:\1. Pozos\11. Noviembre\4. DT-96\images\GraficaIntegradaT87.png
A89: =Pozo -> Well-1 | B89: =campo -> Exploratorio | C89: =Pais -> Colombia | D89: =Departamento -> State | E89: =company -> Ecopetrol | F89: Expro | G89: =Logdate -> 24/5/2022 | H89: 7 | I89: 6.366 | J89: =(H89-I89)/2 -> 0.317 | K89: 88 | L89: 3509.666 | M89: 3547.917 | N89: 38.25 | O89: 6.3225002 | P89: 3547.8 | Q89: 0.34450007 | R89: 12.899824 | S89: 3509.7 | T89: 0.30014992 | U89: 6.4759998 | V89: 3543.5 | W89: 0.26200008 | X89: 17.350109 | Y89: =IF((1-AO89)<20%,"I",IF((1-AO89)<40%,"II",IF((1-AO89)<60%,"III",IF((1-AO89)<80%,"IV","V")))) -> I | Z89: =+((J89-W89)/J89)*100 -> 17.350131 | AA89: =+((U89/O89)-1)*100 -> 2.4278307 | AB89: =+(((U89-(T89-W89))/O89)-1)*100 -> 1.8244328 | AC89: =+(100-Z89)/100 -> 0.82649869 | AD89: =IF(AB89>=0.5,(1-(0.05*(AB89-0.5))),1) -> 0.93377836 | AE89: =ROUND(AC89*AD89,2) -> 0.77 | AF89: 6340 | AG89: 3830 | AH89: =AK89/100 -> 0.018492216 | AI89: =+AC89*AF89 -> 5240.0017 | AJ89: =+AE89*AG89 -> 2949.1 | AK89: 1.8492216 | AL89: 3547.7 | AM89: =IF((AH89)<2%,"I",IF((AH89)<5%,"II","III")) -> I | AO89: =((100*W89)/J89)% -> 0.82649869 | AP89: =IF(Y89="I","Daño del 0-15%",IF(Y89="II","Daño del 15-25%",IF(Y89="III","Daño del 25-50%","Daño del 50-100%"))) -> Daño del 0-15% | AQ89: =Path&"images\sec_max_pen_T"&$K89&".png" -> D:\1. Pozos\11. Noviembre\4. DT-96\images\sec_max_pen_T88.png | AR89: =Path&"images\sec_max_res_T"&$K89&".png" -> D:\1. Pozos\11. Noviembre\4. DT-96\images\sec_max_res_T88.png | AS89: =Path&"images\"&$K89&".emf" -> D:\1. Pozos\11. Noviembre\4. DT-96\images\88.emf | AT89: =Path&"images\GraficaIntegradaT"&$K89&".png" -> D:\1. Pozos\11. Noviembre\4. DT-96\images\GraficaIntegradaT88.png
A90: =Pozo -> Well-1 | B90: =campo -> Exploratorio | C90: =Pais -> Colombia | D90: =Departamento -> State | E90: =company -> Ecopetrol | F90: Expro | G90: =Logdate -> 24/5/2022 | H90: 7 | I90: 6.366 | J90: =(H90-I90)/2 -> 0.317 | K90: 89 | L90: 3550.018 | M90: 3587.905 | N90: 37.886 | O90: 6.3020005 | P90: 3558.7 | Q90: 0.36750007 | R90: 9.6316271 | S90: 3556.3999 | T90: 0.29148293 | U90: 6.5289998 | V90: 3558.3 | W90: 0.2355001 | X90: 25.709728 | Y90: =IF((1-AO90)<20%,"I",IF((1-AO90)<40%,"II",IF((1-AO90)<60%,"III",IF((1-AO90)<80%,"IV","V")))) -> II | Z90: =+((J90-W90)/J90)*100 -> 25.709749 | AA90: =+((U90/O90)-1)*100 -> 3.6020195 | AB90: =+(((U90-(T90-W90))/O90)-1)*100 -> 2.7136853 | AC90: =+(100-Z90)/100 -> 0.74290251 | AD90: =IF(AB90>=0.5,(1-(0.05*(AB90-0.5))),1) -> 0.88931573 | AE90: =ROUND(AC90*AD90,2) -> 0.66 | AF90: 6340 | AG90: 3830 | AH90: =AK90/100 -> 0.026853325 | AI90: =+AC90*AF90 -> 4710.0019 | AJ90: =+AE90*AG90 -> 2527.8 | AK90: 2.6853325 | AL90: 3556.5 | AM90: =IF((AH90)<2%,"I",IF((AH90)<5%,"II","III")) -> II | AO90: =((100*W90)/J90)% -> 0.74290251 | AP90: =IF(Y90="I","Daño del 0-15%",IF(Y90="II","Daño del 15-25%",IF(Y90="III","Daño del 25-50%","Daño del 50-100%"))) -> Daño del 15-25% | AQ90: =Path&"images\sec_max_pen_T"&$K90&".png" -> D:\1. Pozos\11. Noviembre\4. DT-96\images\sec_max_pen_T89.png | AR90: =Path&"images\sec_max_res_T"&$K90&".png" -> D:\1. Pozos\11. Noviembre\4. DT-96\images\sec_max_res_T89.png | AS90: =Path&"images\"&$K90&".emf" -> D:\1. Pozos\11. Noviembre\4. DT-96\images\89.emf | AT90: =Path&"images\GraficaIntegradaT"&$K90&".png" -> D:\1. Pozos\11. Noviembre\4. DT-96\images\GraficaIntegradaT89.png
A91: =Pozo -> Well-1 | B91: =campo -> Exploratorio | C91: =Pais -> Colombia | D91: =Departamento -> State | E91: =company -> Ecopetrol | F91: Expro | G91: =Logdate -> 24/5/2022 | H91: 7 | I91: 6.366 | J91: =(H91-I91)/2 -> 0.317 | K91: 90 | L91: 3589.405 | M91: 3626.69 | N91: 37.285 | O91: 6.3165002 | P91: 3601.1001 | Q91: 0.352 | R91: 10.023745 | S91: 3614 | T91: 0.29734373 | U91: 6.6659999 | V91: 3614 | W91: 0.16700006 | X91: 47.318581 | Y91: =IF((1-AO91)<20%,"I",IF((1-AO91)<40%,"II",IF((1-AO91)<60%,"III",IF((1-AO91)<80%,"IV","V")))) -> III | Z91: =+((J91-W91)/J91)*100 -> 47.318595 | AA91: =+((U91/O91)-1)*100 -> 5.5331226 | AB91: =+(((U91-(T91-W91))/O91)-1)*100 -> 3.4695799 | AC91: =+(100-Z91)/100 -> 0.52681405 | AD91: =IF(AB91>=0.5,(1-(0.05*(AB91-0.5))),1) -> 0.851521 | AE91: =ROUND(AC91*AD91,2) -> 0.45 | AF91: 6340 | AG91: 3830 | AH91: =AK91/100 -> 0.023380969 | AI91: =+AC91*AF91 -> 3340.0011 | AJ91: =+AE91*AG91 -> 1723.5 | AK91: 2.3380969 | AL91: 3595.5 | AM91: =IF((AH91)<2%,"I",IF((AH91)<5%,"II","III")) -> II | AN91: Perf. | AO91: =((100*W91)/J91)% -> 0.52681405 | AP91: =IF(Y91="I","Daño del 0-15%",IF(Y91="II","Daño del 15-25%",IF(Y91="III","Daño del 25-50%","Daño del 50-100%"))) -> Daño del 25-50% | AQ91: =Path&"images\sec_max_pen_T"&$K91&".png" -> D:\1. Pozos\11. Noviembre\4. DT-96\images\sec_max_pen_T90.png | AR91: =Path&"images\sec_max_res_T"&$K91&".png" -> D:\1. Pozos\11. Noviembre\4. DT-96\images\sec_max_res_T90.png | AS91: =Path&"images\"&$K91&".emf" -> D:\1. Pozos\11. Noviembre\4. DT-96\images\90.emf | AT91: =Path&"images\GraficaIntegradaT"&$K91&".png" -> D:\1. Pozos\11. Noviembre\4. DT-96\images\GraficaIntegradaT90.png
A92: =Pozo -> Well-1 | B92: =campo -> Exploratorio | C92: =Pais -> Colombia | D92: =Departamento -> State | E92: =company -> Ecopetrol | F92: Expro | G92: =Logdate -> 24/5/2022 | H92: 7 | I92: 6.366 | J92: =(H92-I92)/2 -> 0.317 | K92: 91 | L92: 3628.598 | M92: 3665.905 | N92: 37.307 | O92: 6.3335004 | P92: 3633.6001 | Q92: 0.36199999 | R92: 10.839101 | S92: 3665.8999 | T92: 0.30095577 | U92: 6.7249999 | V92: 3632.3 | W92: 0.13750005 | X92: 56.624577 | Y92: =IF((1-AO92)<20%,"I",IF((1-AO92)<40%,"II",IF((1-AO92)<60%,"III",IF((1-AO92)<80%,"IV","V")))) -> III | Z92: =+((J92-W92)/J92)*100 -> 56.624591 | AA92: =+((U92/O92)-1)*100 -> 6.1814082 | AB92: =+(((U92-(T92-W92))/O92)-1)*100 -> 3.6005964 | AC92: =+(100-Z92)/100 -> 0.43375409 | AD92: =IF(AB92>=0.5,(1-(0.05*(AB92-0.5))),1) -> 0.84497018 | AE92: =ROUND(AC92*AD92,2) -> 0.37 | AF92: 6340 | AG92: 3830 | AH92: =AK92/100 -> 0.016859927 | AI92: =+AC92*AF92 -> 2750.001 | AJ92: =+AE92*AG92 -> 1417.1 | AK92: 1.6859927 | AL92: 3633.8 | AM92: =IF((AH92)<2%,"I",IF((AH92)<5%,"II","III")) -> I | AN92: Perf. | AO92: =((100*W92)/J92)% -> 0.43375409 | AP92: =IF(Y92="I","Daño del 0-15%",IF(Y92="II","Daño del 15-25%",IF(Y92="III","Daño del 25-50%","Daño del 50-100%"))) -> Daño del 25-50% | AQ92: =Path&"images\sec_max_pen_T"&$K92&".png" -> D:\1. Pozos\11. Noviembre\4. DT-96\images\sec_max_pen_T91.png | AR92: =Path&"images\sec_max_res_T"&$K92&".png" -> D:\1. Pozos\11. Noviembre\4. DT-96\images\sec_max_res_T91.png | AS92: =Path&"images\"&$K92&".emf" -> D:\1. Pozos\11. Noviembre\4. DT-96\images\91.emf | AT92: =Path&"images\GraficaIntegradaT"&$K92&".png" -> D:\1. Pozos\11. Noviembre\4. DT-96\images\GraficaIntegradaT91.png
A93: =Pozo -> Well-1 | B93: =campo -> Exploratorio | C93: =Pais -> Colombia | D93: =Departamento -> State | E93: =company -> Ecopetrol | F93: Expro | G93: =Logdate -> 24/5/2022 | H93: 7 | I93: 6.366 | J93: =(H93-I93)/2 -> 0.317 | K93: 92 | L93: 3667.405 | M93: 3706.042 | N93: 38.636 | O93: 6.3370004 | P93: 3689.7 | Q93: 0.33800006 | R93: 7.169239 | S93: 3705.3 | T93: 0.30026889 | U93: 6.481 | V93: 3693.6001 | W93: 0.25950003 | X93: 18.138771 | Y93: =IF((1-AO93)<20%,"I",IF((1-AO93)<40%,"II",IF((1-AO93)<60%,"III",IF((1-AO93)<80%,"IV","V")))) -> I | Z93: =+((J93-W93)/J93)*100 -> 18.138793 | AA93: =+((U93/O93)-1)*100 -> 2.2723619 | AB93: =+(((U93-(T93-W93))/O93)-1)*100 -> 1.6290155 | AC93: =+(100-Z93)/100 -> 0.81861207 | AD93: =IF(AB93>=0.5,(1-(0.05*(AB93-0.5))),1) -> 0.94354922 | AE93: =ROUND(AC93*AD93,2) -> 0.77 | AF93: 6340 | AG93: 3830 | AH93: =AK93/100 -> 0.017930059 | AI93: =+AC93*AF93 -> 5190.0005 | AJ93: =+AE93*AG93 -> 2949.1 | AK93: 1.7930059 | AL93: 3693.2 | AM93: =IF((AH93)<2%,"I",IF((AH93)<5%,"II","III")) -> I | AO93: =((100*W93)/J93)% -> 0.81861207 | AP93: =IF(Y93="I","Daño del 0-15%",IF(Y93="II","Daño del 15-25%",IF(Y93="III","Daño del 25-50%","Daño del 50-100%"))) -> Daño del 0-15% | AQ93: =Path&"images\sec_max_pen_T"&$K93&".png" -> D:\1. Pozos\11. Noviembre\4. DT-96\images\sec_max_pen_T92.png | AR93: =Path&"images\sec_max_res_T"&$K93&".png" -> D:\1. Pozos\11. Noviembre\4. DT-96\images\sec_max_res_T92.png | AS93: =Path&"images\"&$K93&".emf" -> D:\1. Pozos\11. Noviembre\4. DT-96\images\92.emf | AT93: =Path&"images\GraficaIntegradaT"&$K93&".png" -> D:\1. Pozos\11. Noviembre\4. DT-96\images\GraficaIntegradaT92.png
A94: =Pozo -> Well-1 | B94: =campo -> Exploratorio | C94: =Pais -> Colombia | D94: =Departamento -> State | E94: =company -> Ecopetrol | F94: Expro | G94: =Logdate -> 24/5/2022 | H94: 7 | I94: 6.366 | J94: =(H94-I94)/2 -> 0.317 | K94: 93 | L94: 3707.95 | M94: 3746.223 | N94: 38.273 | O94: 6.3285003 | P94: 3708.2 | Q94: 0.34450007 | R94: 7.6228266 | S94: 3746.2 | T94: 0.30294991 | U94: 6.474 | V94: 3724.5 | W94: 0.26300001 | X94: 17.034674 | Y94: =IF((1-AO94)<20%,"I",IF((1-AO94)<40%,"II",IF((1-AO94)<60%,"III",IF((1-AO94)<80%,"IV","V")))) -> I | Z94: =+((J94-W94)/J94)*100 -> 17.034697 | AA94: =+((U94/O94)-1)*100 -> 2.2991183 | AB94: =+(((U94-(T94-W94))/O94)-1)*100 -> 1.6678488 | AC94: =+(100-Z94)/100 -> 0.82965303 | AD94: =IF(AB94>=0.5,(1-(0.05*(AB94-0.5))),1) -> 0.94160756 | AE94: =ROUND(AC94*AD94,2) -> 0.78 | AF94: 6340 | AG94: 3830 | AH94: =AK94/100 -> 0.018728923 | AI94: =+AC94*AF94 -> 5260.0002 | AJ94: =+AE94*AG94 -> 2987.4 | AK94: 1.8728923 | AL94: 3708.2 | AM94: =IF((AH94)<2%,"I",IF((AH94)<5%,"II","III")) -> I | AO94: =((100*W94)/J94)% -> 0.82965303 | AP94: =IF(Y94="I","Daño del 0-15%",IF(Y94="II","Daño del 15-25%",IF(Y94="III","Daño del 25-50%","Daño del 50-100%"))) -> Daño del 0-15% | AQ94: =Path&"images\sec_max_pen_T"&$K94&".png" -> D:\1. Pozos\11. Noviembre\4. DT-96\images\sec_max_pen_T93.png | AR94: =Path&"images\sec_max_res_T"&$K94&".png" -> D:\1. Pozos\11. Noviembre\4. DT-96\images\sec_max_res_T93.png | AS94: =Path&"images\"&$K94&".emf" -> D:\1. Pozos\11. Noviembre\4. DT-96\images\93.emf | AT94: =Path&"images\GraficaIntegradaT"&$K94&".png" -> D:\1. Pozos\11. Noviembre\4. DT-96\images\GraficaIntegradaT93.png
A95: =Pozo -> Well-1 | B95: =campo -> Exploratorio | C95: =Pais -> Colombia | D95: =Departamento -> State | E95: =company -> Ecopetrol | F95: Expro | G95: =Logdate -> 24/5/2022 | H95: 7 | I95: 6.366 | J95: =(H95-I95)/2 -> 0.317 | K95: 94 | L95: 3747.723 | M95: 3787.347 | N95: 39.624 | O95: 6.3060002 | P95: 3748.6001 | Q95: 0.35050011 | R95: 6.0397649 | S95: 3749 | T95: 0.30379295 | U95: 6.5050001 | V95: 3748.7 | W95: 0.24749994 | X95: 21.924286 | Y95: =IF((1-AO95)<20%,"I",IF((1-AO95)<40%,"II",IF((1-AO95)<60%,"III",IF((1-AO95)<80%,"IV","V")))) -> II | Z95: =+((J95-W95)/J95)*100 -> 21.924308 | AA95: =+((U95/O95)-1)*100 -> 3.1557227 | AB95: =+(((U95-(T95-W95))/O95)-1)*100 -> 2.2630331 | AC95: =+(100-Z95)/100 -> 0.78075692 | AD95: =IF(AB95>=0.5,(1-(0.05*(AB95-0.5))),1) -> 0.91184835 | AE95: =ROUND(AC95*AD95,2) -> 0.71 | AF95: 6340 | AG95: 3830 | AH95: =AK95/100 -> 0.026472569 | AI95: =+AC95*AF95 -> 4949.9989 | AJ95: =+AE95*AG95 -> 2719.3 | AK95: 2.6472569 | AL95: 3748.8 | AM95: =IF((AH95)<2%,"I",IF((AH95)<5%,"II","III")) -> II | AO95: =((100*W95)/J95)% -> 0.78075692 | AP95: =IF(Y95="I","Daño del 0-15%",IF(Y95="II","Daño del 15-25%",IF(Y95="III","Daño del 25-50%","Daño del 50-100%"))) -> Daño del 15-25% | AQ95: =Path&"images\sec_max_pen_T"&$K95&".png" -> D:\1. Pozos\11. Noviembre\4. DT-96\images\sec_max_pen_T94.png | AR95: =Path&"images\sec_max_res_T"&$K95&".png" -> D:\1. Pozos\11. Noviembre\4. DT-96\images\sec_max_res_T94.png | AS95: =Path&"images\"&$K95&".emf" -> D:\1. Pozos\11. Noviembre\4. DT-96\images\94.emf | AT95: =Path&"images\GraficaIntegradaT"&$K95&".png" -> D:\1. Pozos\11. Noviembre\4. DT-96\images\GraficaIntegradaT94.png
A96: =Pozo -> Well-1 | B96: =campo -> Exploratorio | C96: =Pais -> Colombia | D96: =Departamento -> State | E96: =company -> Ecopetrol | F96: Expro | G96: =Logdate -> 24/5/2022 | H96: 7 | I96: 6.366 | J96: =(H96-I96)/2 -> 0.317 | K96: 95 | L96: 3788.847 | M96: 3830.016 | N96: 41.169 | O96: 6.3295002 | P96: 3811.8 | Q96: 0.34200001 | R96: 8.4121389 | S96: 3830 | T96: 0.30197382 | U96: 6.5 | V96: 3821.3999 | W96: 0.25 | X96: 21.135624 | Y96: =IF((1-AO96)<20%,"I",IF((1-AO96)<40%,"II",IF((1-AO96)<60%,"III",IF((1-AO96)<80%,"IV","V")))) -> II | Z96: =+((J96-W96)/J96)*100 -> 21.135647 | AA96: =+((U96/O96)-1)*100 -> 2.6937324 | AB96: =+(((U96-(T96-W96))/O96)-1)*100 -> 1.8725962 | AC96: =+(100-Z96)/100 -> 0.78864353 | AD96: =IF(AB96>=0.5,(1-(0.05*(AB96-0.5))),1) -> 0.93137019 | AE96: =ROUND(AC96*AD96,2) -> 0.73 | AF96: 6340 | AG96: 3830 | AH96: =AK96/100 -> 0.019972091 | AI96: =+AC96*AF96 -> 5000 | AJ96: =+AE96*AG96 -> 2795.9 | AK96: 1.9972091 | AL96: 3811.8 | AM96: =IF((AH96)<2%,"I",IF((AH96)<5%,"II","III")) -> I | AO96: =((100*W96)/J96)% -> 0.78864353 | AP96: =IF(Y96="I","Daño del 0-15%",IF(Y96="II","Daño del 15-25%",IF(Y96="III","Daño del 25-50%","Daño del 50-100%"))) -> Daño del 15-25% | AQ96: =Path&"images\sec_max_pen_T"&$K96&".png" -> D:\1. Pozos\11. Noviembre\4. DT-96\images\sec_max_pen_T95.png | AR96: =Path&"images\sec_max_res_T"&$K96&".png" -> D:\1. Pozos\11. Noviembre\4. DT-96\images\sec_max_res_T95.png | AS96: =Path&"images\"&$K96&".emf" -> D:\1. Pozos\11. Noviembre\4. DT-96\images\95.emf | AT96: =Path&"images\GraficaIntegradaT"&$K96&".png" -> D:\1. Pozos\11. Noviembre\4. DT-96\images\GraficaIntegradaT95.png
A97: =Pozo -> Well-1 | B97: =campo -> Exploratorio | C97: =Pais -> Colombia | D97: =Departamento -> State | E97: =company -> Ecopetrol | F97: Expro | G97: =Logdate -> 24/5/2022 | H97: 7 | I97: 6.366 | J97: =(H97-I97)/2 -> 0.317 | K97: 96 | L97: 3831.516 | M97: 3870.368 | N97: 38.852 | O97: 6.3150005 | P97: 3861.3 | Q97: 0.35249996 | R97: 6.0831037 | S97: 3861 | T97: 0.30369425 | U97: 6.506 | V97: 3836.3999 | W97: 0.24699998 | X97: 22.082005 | Y97: =IF((1-AO97)<20%,"I",IF((1-AO97)<40%,"II",IF((1-AO97)<60%,"III",IF((1-AO97)<80%,"IV","V")))) -> II | Z97: =+((J97-W97)/J97)*100 -> 22.082026 | AA97: =+((U97/O97)-1)*100 -> 3.0245367 | AB97: =+(((U97-(T97-W97))/O97)-1)*100 -> 2.1267653 | AC97: =+(100-Z97)/100 -> 0.77917974 | AD97: =IF(AB97>=0.5,(1-(0.05*(AB97-0.5))),1) -> 0.91866173 | AE97: =ROUND(AC97*AD97,2) -> 0.72 | AF97: 6340 | AG97: 3830 | AH97: =AK97/100 -> 0.023585942 | AI97: =+AC97*AF97 -> 4939.9996 | AJ97: =+AE97*AG97 -> 2757.6 | AK97: 2.3585942 | AL97: 3861.2 | AM97: =IF((AH97)<2%,"I",IF((AH97)<5%,"II","III")) -> II | AO97: =((100*W97)/J97)% -> 0.77917974 | AP97: =IF(Y97="I","Daño del 0-15%",IF(Y97="II","Daño del 15-25%",IF(Y97="III","Daño del 25-50%","Daño del 50-100%"))) -> Daño del 15-25% | AQ97: =Path&"images\sec_max_pen_T"&$K97&".png" -> D:\1. Pozos\11. Noviembre\4. DT-96\images\sec_max_pen_T96.png | AR97: =Path&"images\sec_max_res_T"&$K97&".png" -> D:\1. Pozos\11. Noviembre\4. DT-96\images\sec_max_res_T96.png | AS97: =Path&"images\"&$K97&".emf" -> D:\1. Pozos\11. Noviembre\4. DT-96\images\96.emf | AT97: =Path&"images\GraficaIntegradaT"&$K97&".png" -> D:\1. Pozos\11. Noviembre\4. DT-96\images\GraficaIntegradaT96.png
A98: =Pozo -> Well-1 | B98: =campo -> Exploratorio | C98: =Pais -> Colombia | D98: =Departamento -> State | E98: =company -> Ecopetrol | F98: Expro | G98: =Logdate -> 24/5/2022 | H98: 7 | I98: 6.366 | J98: =(H98-I98)/2 -> 0.317 | K98: 97 | L98: 3871.868 | M98: 3907.244 | N98: 35.377 | O98: 6.3300004 | P98: 3890.1001 | Q98: 0.34500003 | R98: 7.0869966 | S98: 3906.6001 | T98: 0.2986598 | U98: 6.4910002 | V98: 3874.3999 | W98: 0.25449991 | X98: 19.716093 | Y98: =IF((1-AO98)<20%,"I",IF((1-AO98)<40%,"II",IF((1-AO98)<60%,"III",IF((1-AO98)<80%,"IV","V")))) -> I | Z98: =+((J98-W98)/J98)*100 -> 19.716116 | AA98: =+((U98/O98)-1)*100 -> 2.5434403 | AB98: =+(((U98-(T98-W98))/O98)-1)*100 -> 1.8458117 | AC98: =+(100-Z98)/100 -> 0.80283884 | AD98: =IF(AB98>=0.5,(1-(0.05*(AB98-0.5))),1) -> 0.93270941 | AE98: =ROUND(AC98*AD98,2) -> 0.75 | AF98: 6340 | AG98: 3830 | AH98: =AK98/100 -> 0.022582111 | AI98: =+AC98*AF98 -> 5089.9982 | AJ98: =+AE98*AG98 -> 2872.5 | AK98: 2.2582111 | AL98: 3890.1001 | AM98: =IF((AH98)<2%,"I",IF((AH98)<5%,"II","III")) -> II | AO98: =((100*W98)/J98)% -> 0.80283884 | AP98: =IF(Y98="I","Daño del 0-15%",IF(Y98="II","Daño del 15-25%",IF(Y98="III","Daño del 25-50%","Daño del 50-100%"))) -> Daño del 0-15% | AQ98: =Path&"images\sec_max_pen_T"&$K98&".png" -> D:\1. Pozos\11. Noviembre\4. DT-96\images\sec_max_pen_T97.png | AR98: =Path&"images\sec_max_res_T"&$K98&".png" -> D:\1. Pozos\11. Noviembre\4. DT-96\images\sec_max_res_T97.png | AS98: =Path&"images\"&$K98&".emf" -> D:\1. Pozos\11. Noviembre\4. DT-96\images\97.emf | AT98: =Path&"images\GraficaIntegradaT"&$K98&".png" -> D:\1. Pozos\11. Noviembre\4. DT-96\images\GraficaIntegradaT97.png
A99: =Pozo -> Well-1 | B99: =campo -> Exploratorio | C99: =Pais -> Colombia | D99: =Departamento -> State | E99: =company -> Ecopetrol | F99: Expro | G99: =Logdate -> 24/5/2022 | H99: 7 | I99: 6.366 | J99: =(H99-I99)/2 -> 0.317 | K99: 98 | L99: 3908.744 | M99: 3944.314 | N99: 35.57 | O99: 6.3465004 | P99: 3920.8 | Q99: 0.33750009 | R99: 6.641604 | S99: 3908.7 | T99: 0.30068445 | U99: 6.4650001 | V99: 3910.8999 | W99: 0.26749992 | X99: 15.615143 | Y99: =IF((1-AO99)<20%,"I",IF((1-AO99)<40%,"II",IF((1-AO99)<60%,"III",IF((1-AO99)<80%,"IV","V")))) -> I | Z99: =+((J99-W99)/J99)*100 -> 15.615166 | AA99: =+((U99/O99)-1)*100 -> 1.8671668 | AB99: =+(((U99-(T99-W99))/O99)-1)*100 -> 1.3442877 | AC99: =+(100-Z99)/100 -> 0.84384834 | AD99: =IF(AB99>=0.5,(1-(0.05*(AB99-0.5))),1) -> 0.95778562 | AE99: =ROUND(AC99*AD99,2) -> 0.81 | AF99: 6340 | AG99: 3830 | AH99: =AK99/100 -> 0.014803307 | AI99: =+AC99*AF99 -> 5349.9985 | AJ99: =+AE99*AG99 -> 3102.3 | AK99: 1.4803307 | AL99: 3920.8999 | AM99: =IF((AH99)<2%,"I",IF((AH99)<5%,"II","III")) -> I | AO99: =((100*W99)/J99)% -> 0.84384834 | AP99: =IF(Y99="I","Daño del 0-15%",IF(Y99="II","Daño del 15-25%",IF(Y99="III","Daño del 25-50%","Daño del 50-100%"))) -> Daño del 0-15% | AQ99: =Path&"images\sec_max_pen_T"&$K99&".png" -> D:\1. Pozos\11. Noviembre\4. DT-96\images\sec_max_pen_T98.png | AR99: =Path&"images\sec_max_res_T"&$K99&".png" -> D:\1. Pozos\11. Noviembre\4. DT-96\images\sec_max_res_T98.png | AS99: =Path&"images\"&$K99&".emf" -> D:\1. Pozos\11. Noviembre\4. DT-96\images\98.emf | AT99: =Path&"images\GraficaIntegradaT"&$K99&".png" -> D:\1. Pozos\11. Noviembre\4. DT-96\images\GraficaIntegradaT98.png
A100: =Pozo -> Well-1 | B100: =campo -> Exploratorio | C100: =Pais -> Colombia | D100: =Departamento -> State | E100: =company -> Ecopetrol | F100: Expro | G100: =Logdate -> 24/5/2022 | H100: 7 | I100: 6.366 | J100: =(H100-I100)/2 -> 0.317 | K100: 99 | L100: 3945.814 | M100: 3985.245 | N100: 39.431 | O100: 6.3300004 | P100: 3983.7 | Q100: 0.34249997 | R100: 12.857413 | S100: 3946 | T100: 0.30227613 | U100: 6.473 | V100: 3983.8 | W100: 0.26349997 | X100: 16.876957 | Y100: =IF((1-AO100)<20%,"I",IF((1-AO100)<40%,"II",IF((1-AO100)<60%,"III",IF((1-AO100)<80%,"IV","V")))) -> I | Z100: =+((J100-W100)/J100)*100 -> 16.876979 | AA100: =+((U100/O100)-1)*100 -> 2.2590781 | AB100: =+(((U100-(T100-W100))/O100)-1)*100 -> 1.6465005 | AC100: =+(100-Z100)/100 -> 0.83123021 | AD100: =IF(AB100>=0.5,(1-(0.05*(AB100-0.5))),1) -> 0.94267497 | AE100: =ROUND(AC100*AD100,2) -> 0.78 | AF100: 6340 | AG100: 3830 | AH100: =AK100/100 -> 0.019747932 | AI100: =+AC100*AF100 -> 5269.9995 | AJ100: =+AE100*AG100 -> 2987.4 | AK100: 1.9747932 | AL100: 3983.6001 | AM100: =IF((AH100)<2%,"I",IF((AH100)<5%,"II","III")) -> I | AO100: =((100*W100)/J100)% -> 0.83123021 | AP100: =IF(Y100="I","Daño del 0-15%",IF(Y100="II","Daño del 15-25%",IF(Y100="III","Daño del 25-50%","Daño del 50-100%"))) -> Daño del 0-15% | AQ100: =Path&"images\sec_max_pen_T"&$K100&".png" -> D:\1. Pozos\11. Noviembre\4. DT-96\images\sec_max_pen_T99.png | AR100: =Path&"images\sec_max_res_T"&$K100&".png" -> D:\1. Pozos\11. Noviembre\4. DT-96\images\sec_max_res_T99.png | AS100: =Path&"images\"&$K100&".emf" -> D:\1. Pozos\11. Noviembre\4. DT-96\images\99.emf | AT100: =Path&"images\GraficaIntegradaT"&$K100&".png" -> D:\1. Pozos\11. Noviembre\4. DT-96\images\GraficaIntegradaT99.png
A101: =Pozo -> Well-1 | B101: =campo -> Exploratorio | C101: =Pais -> Colombia | D101: =Departamento -> State | E101: =company -> Ecopetrol | F101: Expro | G101: =Logdate -> 24/5/2022 | H101: 7 | I101: 6.366 | J101: =(H101-I101)/2 -> 0.317 | K101: 100 | L101: 3986.745 | M101: 4024.052 | N101: 37.307 | O101: 6.3105001 | P101: 3989.3999 | Q101: 0.35150003 | R101: 12.168283 | S101: 3986.8999 | T101: 0.30083036 | U101: 6.513 | V101: 3989.1001 | W101: 0.24349999 | X101: 23.1861 | Y101: =IF((1-AO101)<20%,"I",IF((1-AO101)<40%,"II",IF((1-AO101)<60%,"III",IF((1-AO101)<80%,"IV","V")))) -> II | Z101: =+((J101-W101)/J101)*100 -> 23.186122 | AA101: =+((U101/O101)-1)*100 -> 3.2089354 | AB101: =+(((U101-(T101-W101))/O101)-1)*100 -> 2.3004437 | AC101: =+(100-Z101)/100 -> 0.76813878 | AD101: =IF(AB101>=0.5,(1-(0.05*(AB101-0.5))),1) -> 0.90997782 | AE101: =ROUND(AC101*AD101,2) -> 0.7 | AF101: 6340 | AG101: 3830 | AH101: =AK101/100 -> 0.028208323 | AI101: =+AC101*AF101 -> 4869.9999 | AJ101: =+AE101*AG101 -> 2681 | AK101: 2.8208323 | AL101: 3999.3 | AM101: =IF((AH101)<2%,"I",IF((AH101)<5%,"II","III")) -> II | AO101: =((100*W101)/J101)% -> 0.76813878 | AP101: =IF(Y101="I","Daño del 0-15%",IF(Y101="II","Daño del 15-25%",IF(Y101="III","Daño del 25-50%","Daño del 50-100%"))) -> Daño del 15-25% | AQ101: =Path&"images\sec_max_pen_T"&$K101&".png" -> D:\1. Pozos\11. Noviembre\4. DT-96\images\sec_max_pen_T100.png | AR101: =Path&"images\sec_max_res_T"&$K101&".png" -> D:\1. Pozos\11. Noviembre\4. DT-96\images\sec_max_res_T100.png | AS101: =Path&"images\"&$K101&".emf" -> D:\1. Pozos\11. Noviembre\4. DT-96\images\100.emf | AT101: =Path&"images\GraficaIntegradaT"&$K101&".png" -> D:\1. Pozos\11. Noviembre\4. DT-96\images\GraficaIntegradaT100.png
A102: =Pozo -> Well-1 | B102: =campo -> Exploratorio | C102: =Pais -> Colombia | D102: =Departamento -> State | E102: =company -> Ecopetrol | F102: Expro | G102: =Logdate -> 24/5/2022 | H102: 7 | I102: 6.366 | J102: =(H102-I102)/2 -> 0.317 | K102: 101 | L102: 4025.552 | M102: 4065.562 | N102: 40.01 | O102: 6.3170004 | P102: 4065 | Q102: 0.3434999 | R102: 12.988139 | S102: 4025.6001 | T102: 0.30175328 | U102: 6.4790001 | V102: 4025.6001 | W102: 0.26049995 | X102: 17.823336 | Y102: =IF((1-AO102)<20%,"I",IF((1-AO102)<40%,"II",IF((1-AO102)<60%,"III",IF((1-AO102)<80%,"IV","V")))) -> I | Z102: =+((J102-W102)/J102)*100 -> 17.823358 | AA102: =+((U102/O102)-1)*100 -> 2.5645036 | AB102: =+(((U102-(T102-W102))/O102)-1)*100 -> 1.9114511 | AC102: =+(100-Z102)/100 -> 0.82176642 | AD102: =IF(AB102>=0.5,(1-(0.05*(AB102-0.5))),1) -> 0.92942745 | AE102: =ROUND(AC102*AD102,2) -> 0.76 | AF102: 6340 | AG102: 3830 | AH102: =AK102/100 -> 0.018467213 | AI102: =+AC102*AF102 -> 5209.9991 | AJ102: =+AE102*AG102 -> 2910.8 | AK102: 1.8467213 | AL102: 4064.8999 | AM102: =IF((AH102)<2%,"I",IF((AH102)<5%,"II","III")) -> I | AO102: =((100*W102)/J102)% -> 0.82176642 | AP102: =IF(Y102="I","Daño del 0-15%",IF(Y102="II","Daño del 15-25%",IF(Y102="III","Daño del 25-50%","Daño del 50-100%"))) -> Daño del 0-15% | AQ102: =Path&"images\sec_max_pen_T"&$K102&".png" -> D:\1. Pozos\11. Noviembre\4. DT-96\images\sec_max_pen_T101.png | AR102: =Path&"images\sec_max_res_T"&$K102&".png" -> D:\1. Pozos\11. Noviembre\4. DT-96\images\sec_max_res_T101.png | AS102: =Path&"images\"&$K102&".emf" -> D:\1. Pozos\11. Noviembre\4. DT-96\images\101.emf | AT102: =Path&"images\GraficaIntegradaT"&$K102&".png" -> D:\1. Pozos\11. Noviembre\4. DT-96\images\GraficaIntegradaT101.png
A103: =Pozo -> Well-1 | B103: =campo -> Exploratorio | C103: =Pais -> Colombia | D103: =Departamento -> State | E103: =company -> Ecopetrol | F103: Expro | G103: =Logdate -> 24/5/2022 | H103: 7 | I103: 6.366 | J103: =(H103-I103)/2 -> 0.317 | K103: 102 | L103: 4067.062 | M103: 4106.879 | N103: 39.817 | O103: 6.3015003 | P103: 4086.2 | Q103: 0.35349989 | R103: 8.4493036 | S103: 4078.6001 | T103: 0.2983942 | U103: 6.519 | V103: 4078.5 | W103: 0.24049997 | X103: 24.132479 | Y103: =IF((1-AO103)<20%,"I",IF((1-AO103)<40%,"II",IF((1-AO103)<60%,"III",IF((1-AO103)<80%,"IV","V")))) -> II | Z103: =+((J103-W103)/J103)*100 -> 24.132501 | AA103: =+((U103/O103)-1)*100 -> 3.4515547 | AB103: =+(((U103-(T103-W103))/O103)-1)*100 -> 2.5328175 | AC103: =+(100-Z103)/100 -> 0.75867499 | AD103: =IF(AB103>=0.5,(1-(0.05*(AB103-0.5))),1) -> 0.89835913 | AE103: =ROUND(AC103*AD103,2) -> 0.68 | AF103: 6340 | AG103: 3830 | AH103: =AK103/100 -> 0.030243938 | AI103: =+AC103*AF103 -> 4809.9995 | AJ103: =+AE103*AG103 -> 2604.4 | AK103: 3.0243938 | AL103: 4078.5 | AM103: =IF((AH103)<2%,"I",IF((AH103)<5%,"II","III")) -> II | AO103: =((100*W103)/J103)% -> 0.75867499 | AP103: =IF(Y103="I","Daño del 0-15%",IF(Y103="II","Daño del 15-25%",IF(Y103="III","Daño del 25-50%","Daño del 50-100%"))) -> Daño del 15-25% | AQ103: =Path&"images\sec_max_pen_T"&$K103&".png" -> D:\1. Pozos\11. Noviembre\4. DT-96\images\sec_max_pen_T102.png | AR103: =Path&"images\sec_max_res_T"&$K103&".png" -> D:\1. Pozos\11. Noviembre\4. DT-96\images\sec_max_res_T102.png | AS103: =Path&"images\"&$K103&".emf" -> D:\1. Pozos\11. Noviembre\4. DT-96\images\102.emf | AT103: =Path&"images\GraficaIntegradaT"&$K103&".png" -> D:\1. Pozos\11. Noviembre\4. DT-96\images\GraficaIntegradaT102.png
A104: =Pozo -> Well-1 | B104: =campo -> Exploratorio | C104: =Pais -> Colombia | D104: =Departamento -> State | E104: =company -> Ecopetrol | F104: Expro | G104: =Logdate -> 24/5/2022 | H104: 7 | I104: 6.366 | J104: =(H104-I104)/2 -> 0.317 | K104: 103 | L104: 4108.379 | M104: 4145.494 | N104: 37.114 | O104: 6.2645001 | P104: 4136.7998 | Q104: 0.37450004 | R104: 8.9608173 | S104: 4136.7998 | T104: 0.29888845 | U104: 6.5370002 | V104: 4136.8999 | W104: 0.23149991 | X104: 26.971617 | Y104: =IF((1-AO104)<20%,"I",IF((1-AO104)<40%,"II",IF((1-AO104)<60%,"III",IF((1-AO104)<80%,"IV","V")))) -> II | Z104: =+((J104-W104)/J104)*100 -> 26.971637 | AA104: =+((U104/O104)-1)*100 -> 4.3499088 | AB104: =+(((U104-(T104-W104))/O104)-1)*100 -> 3.2741879 | AC104: =+(100-Z104)/100 -> 0.73028363 | AD104: =IF(AB104>=0.5,(1-(0.05*(AB104-0.5))),1) -> 0.86129061 | AE104: =ROUND(AC104*AD104,2) -> 0.63 | AF104: 6340 | AG104: 3830 | AH104: =AK104/100 -> 0.04025248 | AI104: =+AC104*AF104 -> 4629.9982 | AJ104: =+AE104*AG104 -> 2412.9 | AK104: 4.0252481 | AL104: 4136.7998 | AM104: =IF((AH104)<2%,"I",IF((AH104)<5%,"II","III")) -> II | AO104: =((100*W104)/J104)% -> 0.73028363 | AP104: =IF(Y104="I","Daño del 0-15%",IF(Y104="II","Daño del 15-25%",IF(Y104="III","Daño del 25-50%","Daño del 50-100%"))) -> Daño del 15-25% | AQ104: =Path&"images\sec_max_pen_T"&$K104&".png" -> D:\1. Pozos\11. Noviembre\4. DT-96\images\sec_max_pen_T103.png | AR104: =Path&"images\sec_max_res_T"&$K104&".png" -> D:\1. Pozos\11. Noviembre\4. DT-96\images\sec_max_res_T103.png | AS104: =Path&"images\"&$K104&".emf" -> D:\1. Pozos\11. Noviembre\4. DT-96\images\103.emf | AT104: =Path&"images\GraficaIntegradaT"&$K104&".png" -> D:\1. Pozos\11. Noviembre\4. DT-96\images\GraficaIntegradaT103.png
... A106: =Pozo -> Well-1 | B106: =campo -> Exploratorio | C106: =Pais -> Colombia | D106: =Departamento -> State | E106: =company -> Ecopetrol | F106: Expro | G106: =Logdate -> 24/5/2022 | H106: 7 | I106: 6.366 | J106: =(H106-I106)/2 -> 0.317 | K106: 105 | L106: 4187.134 | M106: 4202 | N106: 14.866 | O106: 6.3195004 | P106: 4200.7002 | Q106: 0.34699988 | R106: 10.301921 | S106: 4187.1001 | T106: 0.30232716 | U106: 6.481 | V106: 4198.8999 | W106: 0.25950003 | X106: 18.138771 | Y106: =IF((1-AO106)<20%,"I",IF((1-AO106)<40%,"II",IF((1-AO106)<60%,"III",IF((1-AO106)<80%,"IV","V")))) -> I | Z106: =+((J106-W106)/J106)*100 -> 18.138793 | AA106: =+((U106/O106)-1)*100 -> 2.5555738 | AB106: =+(((U106-(T106-W106))/O106)-1)*100 -> 1.8778758 | AC106: =+(100-Z106)/100 -> 0.81861207 | AD106: =IF(AB106>=0.5,(1-(0.05*(AB106-0.5))),1) -> 0.93110621 | AE106: =ROUND(AC106*AD106,2) -> 0.76 | AF106: 6340 | AG106: 3830 | AH106: =AK106/100 -> 0.019355773 | AI106: =+AC106*AF106 -> 5190.0005 | AJ106: =+AE106*AG106 -> 2910.8 | AK106: 1.9355773 | AL106: 4202 | AM106: =IF((AH106)<2%,"I",IF((AH106)<5%,"II","III")) -> I | AO106: =((100*W106)/J106)% -> 0.81861207 | AP106: =IF(Y106="I","Daño del 0-15%",IF(Y106="II","Daño del 15-25%",IF(Y106="III","Daño del 25-50%","Daño del 50-100%"))) -> Daño del 0-15% | AQ106: =Path&"images\sec_max_pen_T"&$K106&".png" -> D:\1. Pozos\11. Noviembre\4. DT-96\images\sec_max_pen_T105.png | AR106: =Path&"images\sec_max_res_T"&$K106&".png" -> D:\1. Pozos\11. Noviembre\4. DT-96\images\sec_max_res_T105.png | AS106: =Path&"images\"&$K106&".emf" -> D:\1. Pozos\11. Noviembre\4. DT-96\images\105.emf | AT106: =Path&"images\GraficaIntegradaT"&$K106&".png" -> D:\1. Pozos\11. Noviembre\4. DT-96\images\GraficaIntegradaT105.png

Sheet Reporte
A1: Item | B1: Nemonico | C1: Valor
A2: Pozo | B2: <<Pozo>> | C2: Well-1
A3: Campo | B3: <<Field>> | C3: Exploratorio
A4: Compañía | B4: <<Company>> | C4: Ecopetrol
A5: Analista | B5: <<Interpreter>> | C5: Cristian C. Siatoya
A6: Departamento | B6: <<State>> | C6: State
A7: País | B7: <<Country>> | C7: Colombia
A9: Brazos | B9: <<Arms>> | C9: 40
A10: NomOD | B10: <<NomOD>> | C10: 9.625
A11: NomID | B11: <<NomID>> | C11: 8.681
A12: Fecha | B12: <<Fecha Servicio>> | C12: 24/5/2022
A13: Ingeniero de Campo | B13: <<Ingeniero>> | C13: ingeniero
A14: Tope | B14: <<Tope>> | C14: 8
A15: Base | B15: <<Base>> | C15: 12254
A16: Intervalo | B16: <<Intervalo>> | C16: =C15-C14 -> 12246
A17: Juntas | B17: <<Joints>> | C17: 301 | M17: =OFFSET(Tabla!#REF!,0,0,COUNTA(Tabla!$L:$L),0) -> #REF!
A18: Clase V | B18: <<#_V>> | C18: =COUNTIF(Tabla!$Y:$Y,"V") -> 2
A19: Clase IV | B19: <<#_IV>> | C19: =COUNTIF(Tabla!$Y:$Y,"IV") -> 8 | M19: =COUNTA(Tabla!$L:$L) -> 106
A20: Clase III | B20: <<#_III>> | C20: =COUNTIF(Tabla!$Y:$Y,"III") -> 4 | D20: 11
A21: Clase II | B21: <<#_II>> | C21: =COUNTIF(Tabla!$Y:$Y,"II") -> 28
A22: Clase I | B22: <<#_I>> | C22: =COUNTIF(Tabla!$Y:$Y,"I") -> 63
A23: Junta Máximo Daño | B23: <<JointMax>> | C23: =INDEX(Tabla!$K:$AO,MATCH(MIN(Tabla!#REF!),Tabla!#REF!,),1) -> #REF!
A24: Máximo Daño | B24: <<JMMax>> | C24: =INDEX(Tabla!$K:$AO,MATCH(MIN(Tabla!#REF!),Tabla!#REF!,),15) -> #REF!
A25: Prof Máximo Daño | B25: <<JMDepth>> | C25: =INDEX(Tabla!$K:$AO,MATCH(MIN(Tabla!#REF!),Tabla!#REF!,),16) -> #REF!
A26: Espesor Remanente | B26: <<JMThickness>> | C26: =INDEX(Tabla!$K:$AO,MATCH(MIN(Tabla!#REF!),Tabla!#REF!,),17) -> #REF! | F26: =MATCH(MIN(Tabla!#REF!),Tabla!#REF!,) -> #REF!
A28: Destino del Archivo | B28: <<Path>> | C28: =MID(CELL("nombrearchivo",$A$1),1,SEARCH("[",CELL("nombrearchivo",$A$1),1)-1) -> D:\1. Pozos\11. Noviembre\4. DT-96\

Sheet Ovalidad
A1: Junta | B1: Tope (ft) | C1: Base (ft) | D1: Class | E1: Max | F1: Max (%) | G1: Prof. Max. (ft | H1: Comentario
A2: T0 | B2: -19.44257 | C2: -0.434331 | D2: =IF((E2)<2%,"I",IF((E2)<5%,"II","III")) -> I | E2: =(F2/100) -> 0.0046317154 | F2: 0.46317154 | G2: -3.3599999 | H2: ="Ovalidad maxima del "&TEXT(E2,"0.00%") -> Ovalidad maxima del 0.46%
A3: T1 | B3: 34.160079 | C3: 65.40175 | D3: =IF((E3)<2%,"I",IF((E3)<5%,"II","III")) -> I | E3: =(F3/100) -> 0.0070279336 | F3: 0.70279336 | G3: 47.040001 | H3: ="Ovalidad maxima del "&TEXT(E3,"0.00%") -> Ovalidad maxima del 0.70%
A4: T2 | B4: 66.362254 | C4: 97.452266 | D4: =IF((E4)<2%,"I",IF((E4)<5%,"II","III")) -> I | E4: =(F4/100) -> 0.0059046698 | F4: 0.59046698 | G4: 86.269997 | H4: ="Ovalidad maxima del "&TEXT(E4,"0.00%") -> Ovalidad maxima del 0.59%
A5: T3 | B5: 98.463323 | C5: 130.68001 | D5: =IF((E5)<2%,"I",IF((E5)<5%,"II","III")) -> I | E5: =(F5/100) -> 0.0044516584 | F5: 0.44516584 | G5: 130.64999 | H5: ="Ovalidad maxima del "&TEXT(E5,"0.00%") -> Ovalidad maxima del 0.45%
A6: T4 | B6: 131.59095 | C6: 162.92721 | D6: =IF((E6)<2%,"I",IF((E6)<5%,"II","III")) -> I | E6: =(F6/100) -> 0.0056737417 | F6: 0.56737417 | G6: 142.35001 | H6: ="Ovalidad maxima del "&TEXT(E6,"0.00%") -> Ovalidad maxima del 0.57%
A7: T5 | B7: 163.77742 | C7: 196.57119 | D7: =IF((E7)<2%,"I",IF((E7)<5%,"II","III")) -> I | E7: =(F7/100) -> 0.0066271395 | F7: 0.66271395 | G7: 173.11 | H7: ="Ovalidad maxima del "&TEXT(E7,"0.00%") -> Ovalidad maxima del 0.66%
A8: T6 | B8: 197.60358 | C8: 230.15444 | D8: =IF((E8)<2%,"I",IF((E8)<5%,"II","III")) -> I | E8: =(F8/100) -> 0.012741901 | F8: 1.2741901 | G8: 222.2 | H8: ="Ovalidad maxima del "&TEXT(E8,"0.00%") -> Ovalidad maxima del 1.27%
A9: T7 | B9: 231.06537 | C9: 263.37331 | D9: =IF((E9)<2%,"I",IF((E9)<5%,"II","III")) -> I | E9: =(F9/100) -> 0.0087368989 | F9: 0.87368989 | G9: 244.48 | H9: ="Ovalidad maxima del "&TEXT(E9,"0.00%") -> Ovalidad maxima del 0.87%
A10: T8 | B10: 264.16279 | C10: 297.19947 | D10: =IF((E10)<2%,"I",IF((E10)<5%,"II","III")) -> I | E10: =(F10/100) -> 0.013361425 | F10: 1.3361425 | G10: 293.97 | H10: ="Ovalidad maxima del "&TEXT(E10,"0.00%") -> Ovalidad maxima del 1.34%
A11: T9 | B11: 298.17114 | C11: 330.11469 | D11: =IF((E11)<2%,"I",IF((E11)<5%,"II","III")) -> I | E11: =(F11/100) -> 0.0079030931 | F11: 0.79030931 | G11: 310.81 | H11: ="Ovalidad maxima del "&TEXT(E11,"0.00%") -> Ovalidad maxima del 0.79%
A12: T10 | B12: 330.90417 | C12: 363.02992 | D12: =IF((E12)<2%,"I",IF((E12)<5%,"II","III")) -> I | E12: =(F12/100) -> 0.0078550994 | F12: 0.78550994 | G12: 362.28 | H12: ="Ovalidad maxima del "&TEXT(E12,"0.00%") -> Ovalidad maxima del 0.79%
A13: T11 | B13: 364.12305 | C13: 396.97754 | D13: =IF((E13)<2%,"I",IF((E13)<5%,"II","III")) -> I | E13: =(F13/100) -> 0.014809148 | F13: 1.4809148 | G13: 391.69 | H13: ="Ovalidad maxima del "&TEXT(E13,"0.00%") -> Ovalidad maxima del 1.48%
... A307: T305 | B307: 9745.1892 | C307: 9759.0895 | D307: =IF((E307)<2%,"I",IF((E307)<5%,"II","III")) -> I | E307: =(F307/100) -> 0.006202386 | F307: 0.6202386 | G307: 9745.5195 | H307: ="Ovalidad maxima del "&TEXT(E307,"0.00%") -> Ovalidad maxima del 0.62%

Sheet Excentricidad
A1: Junta | B1: Tope (ft) | C1: Base (ft) | D1: Class | E1: Average | F1: Max | G1: Average (%) | H1: Max (%) | I1: Prof. Max. (ft) | J1: Comentario
A2: T0 | B2: 8 | C2: 23.9 | D2: =IF((F2)<2%,"I",IF((F2)<5%,"II","III")) -> III | E2: 0.02258875 | F2: 0.085 | G2: =E2 -> 0.02258875 | H2: =F2*100 -> 8.5 | I2: 19.2 | J2: ="Excentricidad maxima del "&TEXT(F2,"0.00%") -> Excentricidad maxima del 8.50%
A3: T1 | B3: 26.1 | C3: 66.1 | D3: =IF((F3)<2%,"I",IF((F3)<5%,"II","III")) -> I | E3: 0.0070578554 | F3: 0.0113 | G3: =E3 -> 0.0070578554 | H3: =F3*100 -> 1.13 | I3: 28.1 | J3: ="Excentricidad maxima del "&TEXT(F3,"0.00%") -> Excentricidad maxima del 1.13%
A4: T2 | B4: 68.3 | C4: 107.2 | D4: =IF((F4)<2%,"I",IF((F4)<5%,"II","III")) -> I | E4: 0.0094953846 | F4: 0.0146 | G4: =E4 -> 0.0094953846 | H4: =F4*100 -> 1.46 | I4: 84.2 | J4: ="Excentricidad maxima del "&TEXT(F4,"0.00%") -> Excentricidad maxima del 1.46%
A5: T3 | B5: 109.4 | C5: 149.1 | D5: =IF((F5)<2%,"I",IF((F5)<5%,"II","III")) -> I | E5: 0.0088248744 | F5: 0.0151 | G5: =E5 -> 0.0088248744 | H5: =F5*100 -> 1.51 | I5: 142.4 | J5: ="Excentricidad maxima del "&TEXT(F5,"0.00%") -> Excentricidad maxima del 1.51%
A6: T4 | B6: 151.3 | C6: 191.5 | D6: =IF((F6)<2%,"I",IF((F6)<5%,"II","III")) -> I | E6: 0.0078598015 | F6: 0.0129 | G6: =E6 -> 0.0078598015 | H6: =F6*100 -> 1.29 | I6: 179.2 | J6: ="Excentricidad maxima del "&TEXT(F6,"0.00%") -> Excentricidad maxima del 1.29%
A7: T5 | B7: 193.7 | C7: 234.4 | D7: =IF((F7)<2%,"I",IF((F7)<5%,"II","III")) -> I | E7: 0.0093735294 | F7: 0.0142 | G7: =E7 -> 0.0093735294 | H7: =F7*100 -> 1.42 | I7: 212 | J7: ="Excentricidad maxima del "&TEXT(F7,"0.00%") -> Excentricidad maxima del 1.42%
A8: T6 | B8: 236.6 | C8: 276.4 | D8: =IF((F8)<2%,"I",IF((F8)<5%,"II","III")) -> I | E8: 0.0070348371 | F8: 0.0109 | G8: =E8 -> 0.0070348371 | H8: =F8*100 -> 1.09 | I8: 261.2 | J8: ="Excentricidad maxima del "&TEXT(F8,"0.00%") -> Excentricidad maxima del 1.09%
A9: T7 | B9: 278.6 | C9: 318.3 | D9: =IF((F9)<2%,"I",IF((F9)<5%,"II","III")) -> I | E9: 0.0085163317 | F9: 0.0127 | G9: =E9 -> 0.0085163317 | H9: =F9*100 -> 1.27 | I9: 284.1 | J9: ="Excentricidad maxima del "&TEXT(F9,"0.00%") -> Excentricidad maxima del 1.27%
A10: T8 | B10: 320.5 | C10: 360.8 | D10: =IF((F10)<2%,"I",IF((F10)<5%,"II","III")) -> I | E10: 0.0077846535 | F10: 0.0137 | G10: =E10 -> 0.0077846535 | H10: =F10*100 -> 1.37 | I10: 322.1 | J10: ="Excentricidad maxima del "&TEXT(F10,"0.00%") -> Excentricidad maxima del 1.37%
A11: T9 | B11: 363 | C11: 399.2 | D11: =IF((F11)<2%,"I",IF((F11)<5%,"II","III")) -> I | E11: 0.0078267218 | F11: 0.0117 | G11: =E11 -> 0.0078267218 | H11: =F11*100 -> 1.17 | I11: 382.7 | J11: ="Excentricidad maxima del "&TEXT(F11,"0.00%") -> Excentricidad maxima del 1.17%
A12: T10 | B12: 401.4 | C12: 437.7 | D12: =IF((F12)<2%,"I",IF((F12)<5%,"II","III")) -> I | E12: 0.0064945055 | F12: 0.0105 | G12: =E12 -> 0.0064945055 | H12: =F12*100 -> 1.05 | I12: 432 | J12: ="Excentricidad maxima del "&TEXT(F12,"0.00%") -> Excentricidad maxima del 1.05%
A13: T11 | B13: 439.9 | C13: 474.9 | D13: =IF((F13)<2%,"I",IF((F13)<5%,"II","III")) -> I | E13: 0.0076034188 | F13: 0.0105 | G13: =E13 -> 0.0076034188 | H13: =F13*100 -> 1.05 | I13: 446 | J13: ="Excentricidad maxima del "&TEXT(F13,"0.00%") -> Excentricidad maxima del 1.05%
... A303: T301 | B303: 12212.4 | C303: 12254 | D303: =IF((F303)<2%,"I",IF((F303)<5%,"II","III")) -> II | E303: 0.015556115 | F303: 0.033 | G303: =E303 -> 0.015556115 | H303: =F303*100 -> 3.3 | I303: 12219.2 | J303: ="Excentricidad maxima del "&TEXT(F303,"0.00%") -> Excentricidad maxima del 3.30%
